2841249969719849422
9960514128198298127
4248252086123041045
615386931803882359
9449433015176114974
12845176892567378824
12243446905473244680
8853183076798843026
8784135201609231098
11292315347672838074
893203600801876526
14791586627123745130
12133269801622222063
6277659609275607475
3601105095938567230
12800309375922741100
313604869813750745
2706167579812555
11277400889038965989
11732837046313296142
4164939524099348744
2332724094097012928
1551379826140603346
5927253605144035133
3038689831530854375
14471525958510260077
10677441935407973695
11395397025001561341
4191119235064831808
14697596314097504576
1950502336957109357
1722813620949487374
7529010217319245271
8224940698553369803
2724147347712162119
8553087355240158315
14500384871798224334
15939105126869429934
12129373715602858630
596049751210057570
11263064700592021750
15181764427593783896
6181247731919857599
13051330292771337312
14934541880996347678
9816305783198289537
9282142437069604771
12808331219392755252
12982323677265044879
15369425777289610122
15171504519251230480
6611387556908731041
6437829886504578989
5967237317426898704
11098587975331834438
4811408191339259470
11464163645530974373
13724816428153149889
10829116749308396226
12231218927944927177
3610559860953393099
10240333701467657369
12830626646587483496
15430534815809671693
2298573915001447206
3715287959082019710
15337867561685342201
14830256617836691678
6220743703601131442
14866496805878661026
663061435685108499
8454135029733065604
15349589061495259761
12574726533473187287
3283275267588474208
10353090866200712811
10059172738406128302
1120281842778051244
1867127262788206907
8083153613451407901
14772195512343030213
2693243901222260978
1870477539173405019
6916179406199419620
6757993599225442217
13629599020836764630
6659036950591978054
6220105216960020675
14984668782591567190
2221717820082699451
1028050070241584034
10200158664468066005
12992188551959177350
9561856196649778333
7356345164199717336
15864089972728051447
14881736988071712999
1133542258768486184
1669123525019934822
1846586469762552093
6347587893909379941
3756777416133866035
871240239367289602
15968927177838059164
2422328144540147299
10513464006778374840
12808859237565111861
12770911273015018267
13664958932230226194
12719505476079556702
635153198658947227
7915242288472540247
7400349869398056518
3853080405882691190
13815442390379383775
10165743065616732717
3535895741649753948
7201879128421184742
12271394614061042848
1030982341735768249
3336263601640232898
1975481786644990277
5652818280952884759
5761217716500946
6090578286155861593
4948886455619555814
397006290969711666
1809603741876282259
15618455446769637123
7009057818154956783
3332912590677395629
3490223528602057536
3800195943327989979
5789626582067470108
15369051766725366547
4716481238146828059
1703921724892668529
11521419219862629152
2540720578360311563
7023899328136546606
12223663857096058485
11344986876906272218
13366138016689989435
8581012670898564573
10692405422328546946
5863375281998734844
15965740975819698579
3662778996429379390
1988650355088433441
11280225677135166662
3355630473282118127
15498305605882176417
4430143959625035261
6750721081848245975
449219734458199722
8250724899416191849
10214214845531660625
2744944751573542781
13735702114178603069
12404470503169836791
6415689295963460621
14037959085045639534
12508158395720244401
9983502959421156463
15238567418299014129
6734996097571458875
2820696872379157663
4814982306484162523
3176747612839150004
5698965143530760183
4588965360083982525
3690618299685009176
15855558328053498837
1064030692573786562
7967325200139969737
11043443510689984392
9854672390583648173
5143871215466602299
8838351246761440323
8357777697853733074
15163478820396264995
9697131487661217347
1184388425420187065
5393232646116001634
15094077440955229268
14234608527581129647
12782424529136778292
2591692106740100551
9153603418102420345
921545434635454499
2099424279466905363
8044717462255501984
9533326369972188738
11605125320825907494
13171918169633844144
2129172255347671634
8721486728340205630
13367595884321003083
11493325623475467465
991103417249580252
15604191611835306979
14136265220501114384
15588767818397700042
8998796200746127931
1161634885570725069
454186905718304767
6971032627342928633
6539492187346674464
2322844910128208686
12703204272016431873
7292114950674596021
15874573169383371393
3358058419394014101
15631441403860361569
12210352290897140509
9770667241211977814
10195927122924204765
4341937267852570500
11722554491277626032
11707769948617895280
15247502961417950155
13425661458236949384
8218037587094853693
14946181956073231062
10135497165760673282
11355401226991283554
953854123319226957
4876143247893857172
11859511887809197451
7674081446881354921
9876338721280754140
7204829001413219192
14606727296522356054
14555055147205018037
3377229243640381387
1497655824074892592
14140278291456941329
7276803446078045439
7109361772105322075
561739747541294824
15477473808952496865
2663197326984020387
9590749574794169249
10241872016398924368
15540312950113279172
8376468846932840125
5555412672398970203
57409171914783733
131018498597303668
3682695722258388282
8068710851327247672
974060691029090871
11893823596810688605
3105606275663050574
2520863111976259606
9166449495950088021
4487899898626323698
803489937096721598
5168659325526213088
7168457775344304053
15217819952997811457
4129560920654012224
1178034453716160477
14707898388571793130
2930480940103980455
4791745702983859634
1846678611197336700
13866951933589796660
3517082350461327339
15188016041868300633
15667502996963300128
1965215267418046922
13262533228372712668
15921454943666764718
7241611641663175733
13038938997971162242
11756487123369602366
8954679856746775368
4954167813189122796
5251916565971818111
10493625260553792600
3703161462550160539
10616469336308953539
2971324913718739541
15650425757474459918
10114348263340934463
14009694115022993029
14200047979057399613
8174514140787827602
4006847703888723323
7105163124734827075
11577155822145973164
2314239359006229508
15005173090925273825
15598360925920152613
4375205220885728372
9813610053987436934
12677861121997129589
3730875895626599797
14982109784726827690
1939029966827209012
9592063538777035833
9037653854903521470
6823330790656153578
13511371370156105712
4121800807774862244
4053456194305250285
11022031322223748196
13952101434333182015
6888833233387691600
11727434145109071513
10174405876892701279
13305761218130858308
4753163841029151064
862587708172682947
1265102055879175528
2235357421804326468
10007221626000350531
3414657197552914030
15993400835973000077
3233225060483170928
2281701161982777762
5663720675043385882
11720352004559507931
10543748027769399617
7671811508396584655
10924392755169502258
579325871591662454
4398494487892309990
1921470730629980950
743841185115190237
11199284850051265626
265760854327353846
8784478300535489298
3214799081797883837
104993151686590085
801142263576476736
15123659489693526775
13985497264473098783
958688784509233656
5931512562324636244
15406302317368293294
4541892670955504762
6898851715093370353
3343194807379195353
10151505041580170311
334125207289203792
6938590711424613070
25245100765654893
11308156865446571022
6237964669911384708
3621236149717124675
14056525187986218826
12763787910102282089
8399842159665421379
13524249264668107241
4792980941009966824
2844523414704636395
12581027308534797746
9856558594509496489
5395656257296830121
7966739279810497538
14641191762176382561
10251017873759506858
10865737145545344546
3225335933169543304
5909126820296494288
6843580145303155722
3249959570885545709
11665896316563955469
12582846775000332430
1275525433454814044
10577051012991739505
5251760028825658678
14163512492472348258
5181316679940236531
686337729209608821
3843243405771524354
12570036321879438583
5634794526631923681
13589527178352124851
4746179128864128332
4195051208063590608
5801595700789352180
5535568207162336395
9027766777839896230
11540409083959349087
1980542746997509429
645661743732802601
12274916897038183665
1365295001370229946
6101976018246554488
11793202687673410669
4659053384290110904
14064323626564139411
7201310670057854790
11227791597797299251
14364977671762039804
15186750143184814755
10766554183801181638
2874090608162456473
4657948443795656448
11447634971107937758
9731382733984260090
15006923634700009847
12167435803820806978
3500461741350059766
4674678969180273210
12595288185802506939
10464533482113655653
6389694186271709664
6218145352602122115
15560853280143231026
10440337424115622174
8271387472857163902
6566996283345407304
41995841953246809
6842692489929829889
975500834740831394
11087081870834120794
14769758958900879428
8224511860673979321
6287827906132285578
180426639595408114
13892784547688117118
11238039033729145286
15532231563683334219
10734671635874551641
311055451722348471
8191973318425519688
11743743154475299147
4652789552334418127
13265200324463354578
10464148227335251788
6130101718797857545
10094132981730258938
15031699312239257256
13283003910977120200
6854886263547429544
14532274443995575499
7605805421944577535
9744943501826052495
740023708915729043
13305261517861886356
3999625360112826693
14565203192768548289
134343061618658273
12592323540011830721
440121818391427179
15401071568116503269
1874257427112943973
11291324576858916334
7783117352692348690
6669737931660455539
7374526403364473875
13156923454651479536
581119389439173284
1351000538864437931
8787193790289488705
4222330458914711203
3566191030230903929
15459309208482500828
5140542558349310711
13895949691072115614
9982719434510740428
8530021446693576875
11368978032417450596
11822216556085956686
15885075228890404364
72738885265962953
1221982567981394292
5601876656610215122
11312542028249792918
14454559060374665589
2592472535782949883
6199317333729890173
2414852372421388555
3637127636804378423
12259150133406481660
7339683279943782064
6054694115602420518
6946289151433030440
7408825704743640203
2821810057363890801
1804363613297996108
13864120100802364547
6022592038599533349
1623582706893552900
4624482485956193448
3846853360265547747
12139920388724529855
6963060204158260255
3963881348809945718
5826187460665051563
3182927587127826102
13627528538822575775
9790799261779954943
5719962242211813400
12087182517805815169
749776791463235370
4247268517755420002
2841597656956577660
10239854904815386806
15942036805692912328
15521677631702434309
3597298065615862633
4225376919158667674
681801307818460853
6792579491465852801
708846318123065518
1006071038353003113
5062598034169061816
5967237323666974830
13728091987023676376
12407318583020307481
7730654271473584121
4651827159717561271
9326460148924329633
414982208047979893
9058189693660260726
3984106576186277998
11027137910818767646
12666346108676292201
2117031852001128205
13040284562327585439
11385573030245393560
10156717331656151727
16008767843475006447
8699118063138046705
11641744501658992101
8813556360991611082
541494729635057522
11894273100415428636
5323895143509659149
15912458762164359862
5200511862505487092
1957460458827054638
15872082102618984851
3452691083339561222
1875645759025452949
13065475410677169362
7844691114481972572
4207062141060343474
2953098567463188152
7935848648947833828
9778076709210962329
7555184377665381607
11852770372549232550
11185300017266063618
7731687859217886502
14927806192062541978
15673047529304274531
716222644559755398
10960193197232607179
9437618799868486187
9570821421756970781
5458374642519706323
15678509699393566259
12725721406722175508
14580624055650151781
3496051665475781001
2452438702864704400
7491746562150407403
6682808529876418105
1330463676531147826
7552447161663669335
14177611496878173060
7738554192760132643
9960406065590922073
10457408604350903952
15285555756042914143
6395077523800953552
11556610071805119759
9909314475414200055
5363191019511948779
3395618990923770828
1734133441428350417
12881889310637597529
13763556044570006507
12175212895100716788
10365704767008886983
1421585348482049292
13257637252320425942
5118308692593425625
9523831493407345795
4477568997938915994
12378666657862014988
6735366592063165485
6017133800682534880
7792889653862983105
3810584946848271702
8726001690793200803
12046488858780825772
14220159371848486356
13556111859577528106
14196665108385787178
14930476599313976225
8263050267428176606
6753299639440744329
6401946263560664738
898799750375388103
30255614198846824
11827195943693844405
10614459462993811102
1887612024205857115
11789330352346256714
942704582438047351
7413092338290102689
13620214140734008897
12417446374146142248
15625484299956691440
10979335952845567614
3412640717484150378
1171226724488195006
3134638531902680908
12225140704434040572
15639659801563437416
2012481860590323111
10729603356460375446
445580584390085676
13139337920170236660
3009196633583512685
14240720075857746583
7444846820540966492
1411669323706775555
4137531679480233838
5757519804042483181
7466700762478005041
4486187789757440734
7476475629638780339
8188805166670815796
6998547190742381686
1992482021782137521
2742199286294419555
13490720778506076360
13393936294920523653
8004928578508679645
12028447529548823522
6092162789685919439
13375679813856533319
15479363997476918495
2435112747433560076
11431707689917963677
14641929664290879721
393263125532619290
11503418972179713059
12972150288499713129
86341697779224691
1422892333504330112
5040218776915575072
2809743369982735996
760423397276381073
2737704188439250368
3599349153663713379
6286660431464150007
4985647150302716568
9190275519653256241
12304921121132003180
13499159485480222000
12771544727077584040
12493623587745188555
7116933953038892398
15997807809762431129
1760793015992210653
11504963236231132559
515298879035391068
14060360335044840527
11981609012577516228
12112538792353999463
8514770623454001085
6996320404737333641
297175125551341532
9294518127999567263
11678632804849299785
13963751437193968066
15655693680009535092
3822406608661779058
6538583566807479175
477028577105026114
1259170025212805111
6435346590879365152
14961125124038876493
8285508303066802650
12647203443295181759
10757683078610597047
7793863575016188531
9238210281283026908
15476080924528037773
10547507891208373621
13726489599883181946
6624104953975086338
368787517652274246
7355014996566711224
12893139561454579777
4051888900418384785
4474620121443850632
5637060028425010476
13725123969489826148
7448262846645546154
6308089084425028746
14384376539707755544
3494790946076719171
11158529024977906326
7266194140221963473
6212444535678601815
10444497496201298198
6476530052641383899
12122140355937825749
14282244518416527393
7930784083766239896
1828828887504558003
7620799132034619314
13276626964810224554
12106234383353857357
3136021286982698336
15991431915466314331
1109423751838663504
10319115541549424017
6008813138569652498
9544872783630125003
12362980687089388826
10761094547763698580
1653091867413912749
11275360805413559316
15394916060623892104
5357137755615324490
15016738814425706651
5078561373648347789
11754031654621121599
9226903666412851014
3756253826321155447
12275622164879357812
6561888964631609216
2188718907299305168
5010903048558395196
2152740220845435540
4500585088671937729
5518238462447347383
9187766309921652808
5642690503567174626
266386915943550385
5363810551466894627
14511970248904519911
7840854423987867615
12049242550889675267
4813629759238869104
1000843017292282469
7012963895194208371
15757208548173378531
6841722019646997820
15778269113060350285
2901203034605630476
4941915870481939441
12011284636324218823
7632069712708777070
14343897921177799394
12707354270319961505
5775570148768936615
14914309443151986975
6940422785307713846
518607360784809655
9862316525809585785
1109457193161149297
11914610960878603348
924139883835683696
2983182672738238879
1202146066474439837
14754323159686033263
8674821061818584064
2064659832911180730
5242432811319190595
8561094279829937793
7218834449733647965
4522413751886771294
10666734440650483357
8768102402839095364
14767082389212560215
10227717930094920858
3565997809855498342
10428225149687077110
6068060990699831654
15170151205352084182
13608955941829849699
9387799192201084886
13251066667140334668
6227678029182357186
7099403783484449982
9213746881575843206
18347840536507756
2466673879840169454
8911309723176849059
14351508163916981874
6498213283525440267
13110992574910654236
5767201987924199493
12942948060237825190
9074603452606562865
2908047180411365525
3030963769699863027
12946916984819214183
496847885429977768
14168106275631457085
6638756508899388535
10576620488606470245
4402127906033659027
816232588478537285
5123006225710933649
11134251735736052399
8294226106213940472
14553157293842459925
1170787701638798846
12133436346444434463
6190910076014486191
3472597020349115398
2023369711429456880
12621986476848224037
5356899120397533436
15249121932051533698
9669811962820395883
686368162799637620
656122141449272270
10895079364528638604
5009428759990962158
8178964702251525895
15581881553468759836
15883357553458510207
10881807018529850426
3969015983815258640
1242225768918997459
5141196633954057916
276829675593344835
4781501627398375367
10697548290832682535
2214901190060571078
2894630951172386058
4480836091678546944
9986919751471920248
8298371348910834158
9236374710978390002
10726184035295798667
7376518657827316883
4325168943830244893
8776068215963123801
13802992195209056627
12402876121389343983
13844466053316651623
7283715688130912562
10383699582711289179
14179956623990189541
97975311066677685
8459083178889965816
4796673674711633994
4152344680790644589
14808322545841562782
13978700273045944142
8082542890366101693
12966769497513279168
7079289579438481230
13964471433393672789
13741405296506231461
10241722645254471259
10824888488249353272
14570297859818673029
3080894547115242419
5488054725397762207
11030304420837867124
13820425851663367980
5442401795730117561
15646618318134150432
4835676293756980709
15394486036485665910
3124825292192140248
6215624579437896685
11215918213826749215
12031382465918651361
11470154498326598713
3938939235719073567
7642341894688930615
9692455862927257823
3321203668260082482
14743480242009570413
10332433939055289039
9234768521776407238
12430588384550498156
8327054040446553026
8609858831271372959
13509804515160704662
136130619185338806
4832993525100388362
8817741321712730366
3517190763323899841
15541840926141621418
14833120580515071337
1336257488216842253
5060506481747532625
322556315134513234
3527468586707060186
1719133319390867018
2884802456331056310
14191350589232213245
15597217970617967884
10855457681024135953
10332202335419325681
999315054293140531
15376020313988750301
11549340896091579097
14876388573582040550
3766779368235356963
4771918556335770686
7314889366994376948
5489263986505050685
6770103004637551207
14380434069384905275
11532531287209530827
12955763914767243008
13580665197459195502
9275280748315424317
12092648243955715977
7982788080412125580
9501450985240912758
10401327246422025246
6462684764190834736
1351871028089941838
7681880923771883356
13935458976229001298
13765039992335683333
2073880060411567863
14525447705506019499
4011000110623316462
3166445057064007031
8718205129920814155
2827490559824256778
6746933084558387805
12939093402994696996
15642724620058072926
6769985673215589314
14801048904579851833
10589445227766477803
7480707460042854909
14767127214819580452
14913592853617413075
6808566563831221609
10425022745885319038
397147681693093999
2119922555787068192
6504379546322332662
6281054425128441746
9032684902598240879
5645258013238911070
12526936243442494601
2700172077441065954
15132834054093464884
8023609821750212873
10551513667097514621
14210199784786331110
5339617728376825727
4151216120324387417
6611736495317315267
15774186679587599814
3150888676544371633
3886902844647570113
1240722486498321679
4129581578728698914
696976152440749981
4048570092378661813
7013133076396323358
6075035512998056972
4307988559758736587
5859065659751974225
14185420896281240641
7412548381124534940
6518017909573076867
10968314788436587290
14102117811597848704
2410692724354619123
5870231494947837662
1787134793573037520
12641668890349225064
14751178527689989287
4498453235642808496
2983500335101827008
5642718553217724292
3355135031175140396
7278494379370736147
737016052104925744
8925820156647165363
3439879205789611666
5754646378940449443
12498437470385504702
1492592673113339544
838507745410399820
724303429180746831
12894841748016390756
14079284244433704581
14779627156188765593
994879215720573539
4758661991278867511
5537408219237174478
8237126300515389514
9114471316377838050
7320351893902784597
10051780814871649413
13313160135869351603
15006009973510130909
2627454431314404675
1940033671185452611
6023176035721387296
12939782359304463996
11242219571766600206
5639469204817406488
9302714321722214381
15637664139956120818
1388245126909467066
12543570210921244189
13482133368656849325
6112641701874822866
8399601806279581776
13396586397077598583
3646220783345998306
414165330523896638
15490799944654340975
6331720318337113124
3973856336006947469
11476832859447790446
14924696259000503610
4967875737154483260
10685691125878211487
5846666422818764615
170080888058713509
6254077266139530
11670587387055440222
8468805742779078043
11518872417094409382
11122114822031115906
7586511042297630016
14411504405936150942
6731436736259940471
6843548612683711215
2175933017297818405
13061158867805741608
15932234683051199537
3161807742971069798
5233753347805368193
5618229526332086002
6424234244668024480
6551768995164320435
889424110825991814
8547883081223311229
12970819301611379515
10347933302107232278
3927910944412636322
4288743894526068968
8717809671702897886
10870280772982741303
7975702007375909806
8071314041149913267
29945140879739399
12462896811340094825
3706482072253632365
3841395186985370756
13684391048604600580
816686611912965747
6803006523543394857
8880854199898206978
5627407706477575533
5533227654635946323
1107025410911398991
11671555517595032715
7425399487303159673
9105682719285579443
14186620729458834424
10363397321183748456
10994892566550203721
12258655279397534844
2760033365922254441
11881422890421719477
3314359861687124105
10970207571578425242
4749689603728073109
6018505721437536950
9417574912475970136
5955486093431712325
13563716271170814350
3551117917105665705
1278301926915080013
9429627982539230231
2750076895001794681
8777637606322065536
5978626870356745990
5127826627515824489
14767225958627824745
7446615406508592633
8207207771803777171
898069548400588572
14335620481274303819
4288322760653273416
12205405792584349563
10007181876010576499
8086076593511668364
2072823479370544383
15228375504410375300
932272000900777056
6584256333385519650
9260000194482147204
1733284504109639064
8451877631665271489
309635040034493244
4706898715194549840
7446566735852319202
122877381072844345
10256003174576847509
6281805280233442937
9264648648114580936
8817909148113332089
3401370841907755649
6136891675614014067
1760344854321794509
4744778359112101957
15251433060651822711
11597934728128197891
8720807112532937093
498691442130438051
11494226845657494946
10335722996783099935
14192891327531635347
9859296688222425490
9496607488874462005
4775842112091686685
7244984210366290205
11786899386667787870
10644462784174966579
12370040850400927897
6729941762346975504
9981269491534635997
12281098610732237118
3693033208892693300
15190730386874867668
15688525146781916187
2356813891779193205
3616950298141027145
11172356080021930189
11826941220720363724
516938020620073287
5290871441314611450
7413043762527417419
8369519232183426691
2866546130427066495
3514673782131760702
8230632690662612006
9395934751780724732
7706402237027865025
12420278489688847528
3019941971775585244
15658861183450649194
1870229003862805400
2419515956058315418
10908150018696185442
12303523677434578556
5109464881709169971
12308986045184204027
12122461810928514729
9874085602038991075
13573458327664290373
9113078603266249783
1832927114916738539
6036772848233889700
12595297887424874142
1286385790559422055
9603484233021280797
13234152619630764099
3860771309819704746
2550877736793359077
13372959892790441564
10365158301166014732
4983076749068901793
6711897407685145629
2882472215380911242
9763154455441793190
7108491245277741925
757118577603428292
13825665241748868467
11746643590767437469
5220760351164576415
9033271340707549130
4771781196924344502
3880684425379117871
986386542470182292
5627092816099556899
10906570549108833956
14687613133963429209
1362014363871879040
13360120603899229587
3045066130038811279
3918119081223650499
3369167387822193797
15222644803252655698
9027049726077356988
9703008560607976635
10889181270326477766
8727417811748896075
4378168398028742873
10390099486073731786
8006830053370322861
10047294857750513125
4138194927647773590
7048818834999400332
11099390779067091383
7600080884753937388
9505164095103488931
14366262512972739902
7903104659217490468
10392017731042172226
6670521683443141079
9439429379714517545
2675316061634429665
6232511537950076189
11175963938962506411
11126586207586192361
13794776213972103841
10002479692669708834
14791662264391484736
4491126556388453002
8148125035641473682
2625129067541453708
14242153807261398112
1866395788276910952
8581050003651953837
13094583362273759748
3672661619017571209
14506571881765065130
7617136972716401986
11221565417171214323
7009394055325776364
9240717457666344421
1006995463716429176
4327285983347219665
3412754224274477909
11394383898314420621
9732192390599367771
5139572295779782016
4137965704669950519
14290851644289460448
7507907719439209547
716367695432495872
15443519055777242108
13910575413593929505
6354822645681084628
2247220926247600734
567338838805801467
12298525082570459785
7392409502482958671
13600000545996623669
15299639699451031055
7493276965357162163
1973136321958581264
3323875466155837755
15351783411403611766
1943252589938695223
15486111609182638748
1011195966377807409
2428603338120796346
1453344216460851725
2012203915368084910
2206039203655602061
13780402291385073796
3148476484501261071
5164908488263204005
15395032932583338392
4199091450373601960
3382104657565329320
12307989545799183352
9051209590871538309
14752236571294451921
8061089504001310025
6088819145312628215
4545001816666175329
6896781968086781177
4579966059704710948
4933188724136164596
6565209207735719851
1886983455629797406
4361708052100870011
14473491207299524666
8175012865035752733
12810167724327663963
4065903881755996270
899428222750027785
1149322285651791971
4486397506579339122
9632697280842393397
11132969801828631709
15396260218240055451
10381115533511850797
5440220310698783610
9886742164045303259
11856171927174207925
5633467843042760115
12594235814238610510
7185649651426746302
4294503663960729552
14792648367532448777
9808523875677696817
3898737428643351919
11523011523436165475
6709381357163176309
11714570699873680724
3138319338734989175
14027233368049256026
4883073349350341434
8742684175191437425
4472585939261715399
7738554137078152963
15939446882201056565
1100447011804829896
2437187492698070292
10399558836276203203
9967714145998792907
11630213409523736235
2269539438227148008
8140894707736269933
8549035282814721027
10637092743801891745
9612889241424525962
14219028425100323386
5538154176925855926
13179485207036067424
1112269131060944166
497393418632040286
10911733531346205421
3706082974133986516
8728630128895013085
8088716363598211168
14533977597295625644
2385076770013591047
3072095750583479227
15837040427685256402
14548969503767536661
6209722769244567076
12642252767449027939
11394749291064511358
7897860450542958272
9279496438231260345
3150101588020692800
14804966047544107015
23888718574285381
669151722850228631
2615239257673875166
13420598065670961161
2645227375459821553
510803560945919840
6376654930248994620
10231033420317200808
9683908949331047268
10734751216908952079
2295336990613159695
6914902709574865626
4717175569107768156
8591667887273506156
6079310325167754215
11974493988551030494
8035331339050320440
15694452965018663826
8350127785338621724
9010237383192877241
13211420612354320387
15620608415842867159
6541714789140078710
52799442429887104
854617039875890227
13485808964454793692
3116038248822348402
4560023282808074992
5516866370439250975
14700457348380648566
3852578131108151508
2707876415021490051
9726590398257320385
14178886533874967866
8283414042193998444
2629892425269524058
7995436885426589128
10849504252046220481
9609640351259476350
9627068692437078253
6661065099282204042
10599371970474518460
8990158594965948746
13290032009512232100
10322252551397623843
14721791060224076272
4854876343866687522
12285031657972188942
1408323556325834117
7779182937392815121
12851782048219608335
11160715089350744405
12200733728856314287
6426279308427752347
13790484777696588838
11226293009639811984
7485811630494041346
6481009610401072862
136366500203301032
15616800178181577975
12848654872506395769
10179636006602698884
1469349428495163800
6385624292243526387
3555890898941509378
11978371122120732776
6463814541597849054
12058699267283348327
4386874271372869037
6177747851596238690
6584671503593728542
6739377819156209809
6659999303361623633
13466911922387487326
12659668012957832938
387810779002305810
2889179926242054320
2529916904899626748
2884028500560687486
2661358650062291029
8956663241508675268
3834042168670807264
10209350090278260041
2692465596674056589
4649990371882573607
376680566016687697
15296707395082380142
3873462526036211664
8772211844601559802
12329228768723928257
11228687752587551997
1264389867587438526
10407427108917558804
13642468948134779259
386127510144884303
13282962707997878819
7759396441289870857
13286134114153263310
7030212279342926967
15031412033876103893
3002419785378362271
3359027916186629376
4913432462784035898
5966115661168809597
3529511639504488658
9697426261931083021
10907595491184825375
9326603996432822537
2159990815048247065
5959973587827157979
1755793223866558481
8920058573623651198
15088179524136460335
9162901489779731488
9105898468174485297
9777662634429446490
3907440598671853615
15584057991513048186
2689805173599957437
11329859340807828952
8083576719506297189
5524309264556644171
11974556849262670459
10849033663388300917
14191419300575511765
3112397073086964238
12567211551046119230
13958170034257902188
3693815363601222460
7546983751603124532
8697857465024763428
14698674442330966611
755247577178606223
1201843747256959292
7705962346341018352
6068039839462735960
9078715392857304612
11631429459217153874
8926792708805681485
2171968290932132670
2287581228689202449
9169182199559541595
3916652658530559132
9628878116035395779
12271800277529193162
2206752397929828018
11627970145507568739
15920258769116981936
7037224410811507008
11853399258457540798
11718840959816689062
14047780334493272806
2790204325444840845
13461376545453627555
3855093490820290835
2500385406386022098
12722891162607024233
3149888734145959377
14006722992059121696
2193689088871512189
11168659928454446463
11233858279621741742
8361702371735402408
13434241644457339191
3373613518604983823
12000416000248075099
8587271091130970670
3036966142690527171
6087092485760964795
10260254001011832861
13784027799658185032
5400372240760779198
14753572330723517069
13379449638789640199
9414974034087747158
13009036838001411692
15300763431150275459
3595947114488392819
15851385211857634011
1565956712016694786
4569369725284345459
13173766487903818667
14154061318236254599
2584730015254793224
3319186814907799586
1113498451858233704
6676492981764594266
7482056253509486534
12138151626891257405
10185069902094524106
968755382562795021
4708944204897870459
6482177127580187342
11669931475291299625
7752777723166784893
3683024058565685647
15071195980999111209
5741949220870939387
15724115798593580474
3629171613304282278
6128704789468544007
14770138491271478604
9407620886579234311
230394943821841360
8774512704093422147
14058510636573221987
390079293240459126
5705033968076570057
11886730553353170958
9817819772897196857
7314498582390785813
10225507549794966880
11287539243607680122
10843588035439550511
13533199977396072323
6065326418748520251
2372131279595127204
12742637645616732785
13030255388174432585
7901366365103137778
14995919702384306781
13912308276209337811
11061087219135706233
6375116767287615507
8800487209558958479
6305172345029065174
11003602786965065242
12822484503676923888
1056790234141292792
1012571267135059761
10874145786429864957
4271570854203471422
7886509547585131410
13296514668633587437
6927235319302654401
2942163331377478789
8378191117001503205
8790618109768631007
9612156158260700114
10442537530332257644
7850089511542142515
2879637419694354327
4986590069807981213
5692769097505523062
2070792881824034494
12224265803371491281
15809836091357056031
10433544549835589400
14814076397608415270
3686259215406163862
11279070560132033575
15126551454074245577
10522519256247202431
4157229552813276912
4996000648746500977
7064657827707395391
3860877701071814901
690531772922088643
12242677467100787805
14427550044514432934
4406211214576591961
9500384216920011926
15622062194674082100
5692827088786872534
13634560525730885205
1660611825669451333
5218916091262002481
3360032730978701808
12432564131062826379
2484085820654239360
9829425485066292888
5251287421488940499
446221581172134832
13313884035706239522
7075058475694493033
15489962386618434653
8444858720091580839
13396820627813555540
9636105626702885080
10457463210813329538
15554744966232612674
13655034642044742901
15055329219597530743
12538409871944312976
1769115339034147717
3706510740913058680
2207606590464327877
4640995587183926842
574168000429494390
14920433108718584332
339262673826151633
3855139086732740353
15046855522651299885
8648948710920725495
7579684501109617644
2742420145831441011
1751335313221480928
12030277656718441325
5079636734814643078
4639364643197760870
6169159539152095817
1711014720005552941
5143281514309823804
9055578718990610870
3919170404726618331
6740566890664953527
4405105530978997250
13680870592253202664
11060230938473294239
5035180177866611120
8108450296680212423
9353778649886489035
15883849274326380762
11609032245512074827
13704931155481305906
2045135178127308817
14241701463557023898
1152662964476628440
10160518015759063850
1402947400326495305
6370137212629733250
15034481840073389441
6913795781384188995
13533014441575731817
4390517346666967179
5217427068050677446
6792841888017054144
8969508480027486606
10816810436332074404
7746191459424981130
33365185531827834
11054569604576098519
6665226422365186336
8818485677764789784
13675417039220293598
8540053886394161313
2733899431171792391
4601927240706014450
4671228890802278438
5240137161112109941
8494730077260582150
10403112027447335337
13059055834823426081
2453001565993850400
835643167137241341
9466417487478813356
4137825529099626453
2485800199044789435
1640624135888344596
15989699163530191353
4307481775959567652
14970869980496980401
10840914135295632750
694012550580091067
5380406206048036698
1442449980919000715
12687941235938350965
9480281027876379379
11089797727536040825
5034856287634587261
13868492444609993650
3353285237285972297
11414968567548385154
13837635539841973221
1719089632614621232
11025951332163170801
6983597636776266758
911412140311265271
2608969339482401635
13208388639964464848
14290671819025047110
12847884603750196505
4496420343005780199
5564733797093216164
15776796987906319386
1369135038675033132
8696219616108579666
12019127885686119850
8901994961325419193
11150287951943875040
6131544805835060044
6180331270502394631
11658295811098250939
1072175605677708081
4235638100869503928
1916642240085209483
12792556372214286892
8027544018541104800
13718940452663110533
9029849661234768537
8199781151248833446
13184494088071106995
7848879871954454798
15765700401865124228
5770274154914839103
559950187120008402
9034553297065540002
8459723651751339147
7552361111867031085
581115052051634682
6630260320954483928
14407301978958952032
14283340882744842532
5157792705658562765
5832574195424836322
226629874748734485
9043631104568316312
5858173798978557482
11964713634795443871
3053624373146541041
2948291846672832848
8445180881678147222
6003783331494048698
12616695020211617405
12964015498826191619
4540785125992914955
13601583350757434697
3031915336192451577
14431088343583135776
1534629755508852542
1777885247139061026
12597190711859819043
11983058163002942370
9010174350288560743
14052336393772734689
3021716004520668310
4102211150021401888
343474578842183335
11037225882288156373
10661922468150019450
7817656480197000841
14544845349773612162
8950219021345933196
13694828418158026181
281656276865017384
133984508515592324
6757071664616509763
4964839846952338920
3826093989555538933
9286998888889176973
6523631959628714631
2768624796889679242
12505227865464027625
3796883736340946282
14762454120399544718
6805851634946738482
5287765938989130559
2637387992889480797
11482146383287235500
7192439671787022466
9504695026096069774
9922424213272588263
8581966911536953252
561940748991972164
3906532684154766753
15481547946696625151
2988065718492584625
13423733205521751420
7200361337341696018
7989282883208894022
7426627485104689513
15429948880356828832
8896931269321883557
4267706442269512513
530665486140310988
2185763587999699141
948208969134825284
436588239651764049
12466648508571648594
5951461734910946356
5925807438409191063
720786206152902876
15244360207923267884
15181025628389085351
3013200278584696596
15372886988183315313
13412017485570135132
1092222096415092392
15011228253302262911
11602101385148758427
7169626933510758702
13047727038582031193
10538243536435522183
3735587275419443822
10395031749937830255
6395151152857790310
8725872868366630836
5656500713169391682
6449686298724758936
2412532169168709859
10429633815360636631
10593874829314914820
5067931379035999161
3000845173199214525
6791203029471683676
3776104998998123365
13211822520924676705
10629684413449256295
5289609979865566690
11415697138070768749
6375038997603947379
11649612244091034947
7526269346671555156
12353236425557322643
4394523368930254771
4633863329227071066
9938811752217082729
7518314017355418015
12784966723008492894
11731226580452441100
8055859679769143574
12312664830417774911
3546041780322830189
15565656276366140048
10299248733264748194
7773820154355213456
7385052883986157578
6322710786283597039
1759234674521956210
7703799955154622789
765050197247015229
9938654290881782596
10402163992078442201
7084149349273649602
13785326788061739613
6531366344641175196
4311019842417300460
14423957346997138793
2774670721617977995
670390952505190998
4590492532644274738
7196337774345125810
6256400536035167814
7018245840856913392
15494603500060536983
3213296239080093697
9161178577128488212
4906898565636138306
7825918757730249719
1635192167864898313
3220752322552352639
11474172569324280630
3636409298488541673
5218513820149388496
594166236427175347
5544770456619177839
13762025788827427091
2138988622696641904
14504792569181046838
214611711475992378
3442599827403755581
4769538415946338411
634657925732136151
7972355480616224676
4164915549076054256
313972369398511029
2774185000302110323
10163036501243799282
1141503882525249695
2642225763089548834
8595369417482913374
8975118774921991547
4020802034903231481
10792366507168166772
12277125332701044797
2050518613902536315
1473818411722072106
13919763058557924628
6647455062142522400
14757669012827734513
8375016368097739189
6316682394644370286
1927481577316454728
11791708231150797507
9902862486181291642
15520395492217364720
700247900163707691
2313491595240792884
13249816253639207532
15616107975703417342
14976472012623357751
4150375476019916170
3955289061767956909
1114888719892173279
5592558724462679809
7307975731355443170
8157381034736635019
14315241727275611921
12756397933067461927
9918887369027911688
11473188188569009494
1318480181744910863
4685306073779394850
1649752508512803021
13904650165724747344
6424138948669365713
15939623676340399182
15424348369438920911
5135532932168584909
6617982821212021780
10563558349074875250
1444819369094539161
14973522244643981664
8834128153814248804
9062375724995789514
15688331109040119714
5080834761117533692
7283607403589917213
2049251470890088609
2395335252422422766
14297251799170873190
10390917503466741127
15059547178784451607
15212064883676569048
9155266284712220787
13751036816832237212
7376284623453107215
13436558980285641056
176736413836426432
1350321251887457904
6613572487068678621
11273282353872554487
10618122145288416014
8777086302369035111
3503896621319487906
560860381261122272
2146707852907482673
10519343303695603701
1555135697863160490
11468204716266049114
2895070127131915424
3184398698670173618
10547016051792046245
13450180268552168971
13873360492275981813
2638845074221963747
8726026827820014973
6901269017846406843
10816289470735163712
13115873594506372892
6737966760209089815
13113260096237123486
14447126443017860564
1314610862054447589
4768839192570752934
5208633171608993438
57831786311435485
13327313193008055040
9032604604561117429
11173500867872491340
11302893016622271553
6639121722678827867
10525211721646731435
14741612997237258672
13596888832063640762
15254655749000805135
10734859969328264099
5202375451004537094
9414943344925047908
5946751186975243502
6207498150773186578
15239530197464045859
9850563719625654327
1043186052776898987
12744763331944815013
311231741343568455
5316826449076272833
5000766244061430950
14361838508293752283
3201954327510019001
5742358978697816387
441116264330446476
9608226334721159960
4093761691591202607
957755030828220778
4193937706850646325
12947964090483723982
606583694027042552
7344050874889018480
15182301672947431170
5686683700078443413
12168619657922310200
7816671818756209552
3354188555705207982
13488544882869322936
14591203911071260437
8156158202227569529
1855848196151468358
14751168597209152806
970337941228100702
6628729339940282615
5652152770449498968
9951645823613050722
4645687086601507849
6282553365848059582
11029142421972686351
4905613013397201962
11695149923429954275
13263710410223612264
2411232323647079187
3808345472785306290
9759839075227245984
15070629914287961886
11875675623886295545
4872491443314284728
5352674983589545688
803721768770578039
3734545848679455752
118536767971175490
8946169244315946110
12155765450977700428
7601643492533541753
13110100633781325452
6811780913813066887
7581959134854997511
15642494766211484127
10911827084241928014
2231123279979280521
7764993828673886275
4671848046078112648
4994365532951325113
875735437214039923
13942455756568383031
2943025067392790673
808121504980926899
15660373198105675039
11598651211976877822
12419448605751959253
8494881819263613108
10014029784547820261
2362190705557769753
398070466134305051
4130219304250418557
452510543937548231
13786901584644143965
5433679097504938027
9970631506946568843
10106949179226856217
12112577934890731323
15177628358200353639
14107023574058276373
6665137055469439197
910307429193706317
14139238652157742877
7616818191866567575
12005716965152134928
15379368323437154197
13856085618142920695
7312964286788231812
7640865935398132944
8250090814126869931
12111148527032971216
14104394215870498536
6209989726051892842
5513170790947089668
12556304871944513092
3557473360820057118
3822583584997135506
10190743456319629676
1179891013386818974
7908525252068589386
392605834980289589
10022479899377272346
503527589354507942
9507630880733451747
1861034135946453398
652087946799440454
11830619479109518548
2387938753115642347
8562124541096777738
6119186894095809316
13223602895266096532
10768020504546245961
15207212513188570801
9864766161696508481
14894797956571363390
2348069341682274896
4942929901771464647
11825277316719345687
9077507618143622559
1356408642026100567
13808315210588803335
10970375417990202377
7320906027548315181
4698446587685584170
9415686969679154174
8810197121634974471
11354653043381269575
6647288978165873532
8378686082554052923
7086185790907577485
8940419580614302599
5800941098887406822
1752430093074479835
1754957591005315598
15070911252367687787
13102829119209296229
2304629524660619959
12693603783256060249
3425572039461815175
3484128406805661626
527405858590373775
6113067552894728556
8205378767569797073
11490068244113039831
9811294029433046215
1312575261975988970
2905200405130853326
2277106610802128160
15626373791608468120
3345665866013047491
4338981980706163526
9011628162019443391
4348901144514075601
5917959131764129262
5042791845439951646
8119056725530058912
4466380916806616097
9850512997996621201
13389395070663408577
15042442074805839340
14183993531966723750
6774261936932042862
14797877382884549187
12956162698193383364
4242593991548335295
835911061058903961
1135720340292118103
11474165699225671136
13546129601420541558
11976321689786642627
6028898872287384930
13591976519913903530
2240784714060696785
3015286652124496462
7095683745618217597
2876080183162286578
3114857042399371060
12757259318501078372
11918242302586009910
14596866641269402134
4167225017712824421
703387058202858856
762619123592569217
4946978132460419341
10052564476575187628
571437167349968970
4934634451188499714
14042524136272613396
10075149994167379599
8839733647537203173
5115950646431033274
9830435788103666149
4000015713709389363
4033224766657635872
951934322749353031
2857297028267448478
12592070488327754125
7279542087236247019
5542857242459103904
5075469712304056704
14947525906370115523
6553127493871437486
11529263935706331911
5876534391634804991
12102330164144187583
2795071099630698119
8179982750283811997
1969763093502665803
15982937895205735570
1004445733343348347
3400611436001278156
9676426687044493281
2870548911798354674
2307034412608487650
9492780729193208543
10599312260161653441
8156782060561022233
15014385839140435702
1471000965860474928
10846858359093184835
15968965321351262107
12295652821933858385
6532173711269677408
12052867194732869465
12970208578668594629
2439076471669349652
1620602937809124606
14134952565237208673
10824462155423940578
7255832648905947430
9505267888896510418
1888122547731993982
11063301173324287052
5801429350791321002
15695230276424598923
9571220404571829887
2100682659629218533
2227790800625175388
14297019657635518281
13932095012624680937
2721518555841239479
2993963579418128378
12431962370852593974
13677533589481451194
12725980964651181701
11795142716624591866
6857688347708264552
11106449537586337069
11379410973201338780
12876740660130938402
419521865706746143
209891949094449437
3010180488163942786
4964776437501455116
582781024405671464
8502894583327945850
2960884164400227645
14381669927594965397
2379678131436626269
4355070831491329113
6790064568643230795
4629822304927584435
14462416888791697542
15890177980942067940
9034276053223481622
304532862738513342
15920036964829051577
10715266716719039415
10007088000209045669
13886037799580999118
13837442360252643963
14858660249005938789
13460532990007120963
13380628604099615388
4791093667861759450
9503669214447521548
4062959222527142342
4367480802904547107
7892411813801257192
8632893863546093880
3520094157313375212
11585966785234859688
6524370343170155665
640816255997181845
2547017866797946357
14007094530558719275
4107011577716467425
7014690613487641635
7830573762306331424
14730524076308918213
15633094923739378438
4458311254032126062
14894176049757892336
13173705295246453530
4846599795891967358
1850902121083262002
1229579641296890893
3869057789612229112
6479865853853639252
1790972427643537702
6674000672001585724
12660570897546342658
9956122702443023327
15383590516212226684
4009046551891459896
5748690162442757993
9032654524831277805
12752764881189986098
6431515779496462539
12671955116359306115
6632176801904391606
6142953584908009944
6171787806024334467
7365601212612396242
4316077210902501055
655648179806859019
7857198456726589612
12012330330927112974
9220440342448443081
5643388621104367395
15085671943452877456
11216945694630926033
9508206714466427982
6822594362804139446
1346038580390469030
10421658087782867950
2563103401451547023
579172850867087561
2758419897495754644
4696296969675024843
7770888150188183720
15380977059769439803
11469126930981420649
13007271146806252335
6323879980928838989
8818621802703220217
10717089746432720541
1210063223508189332
2367914214393702570
2096685515239021855
384203752048153633
15451727685100700366
2083928703537966970
14053690581710778119
9203260696185197416
6306334312601066605
7901924950015257326
11634640646932967163
10989524577729798118
6252295674482015998
1576204025340067367
12338217404259986648
3567530381438063315
14211431985366523272
1345036281661552144
5670004339553757224
9415549434489696666
7678837615257263409
2265460092733655649
15842111817711801838
12226023628479725613
13103383903780514257
13308624320299663600
6437760782349974234
12573360005817096816
7954532878435979918
815054026436308713
282073498582812226
1049609301555737161
1367512999148634901
13310819829738109151
10164367127458656729
11616290850326258353
1484965773511417743
12120570640575373033
6201936012534662177
11559961928763587160
15843252653147166687
4679039393896948137
5230814477233682469
9957187106287432716
10778966870644216935
2074840230415990017
6437609873335538322
10328196959299168713
2436600817737315801
4579529574154131097
264214637135816962
9878047775831978976
694892590245896039
216846350175806202
443518261895513403
13870867684959701652
10014291968918671632
4225064702234348761
7224122643715458691
8318447523533603853
5412590109740802139
5694077028080030159
1900628094722778517
14931491712729947006
10696603903579146304
14952972596917334729
7821600776535008021
10386764491343917476
8624520298817181156
12795382893801218799
603062192674686532
391039148091146060
3236084448488114216
3459165735363545492
13049784644624979291
11662940497963740614
11022223541598031019
3310811027837368002
15851790224646389832
15197616890255571994
11967417009646369171
14742399425751808854
5999180580258288792
14813528581829611575
15899929333560459837
12092108656561634308
15024929805831710295
3670258822919630943
14660299191749464763
15469231053921585957
10304871735721479709
14531012510637655727
11471617087057073886
8275548696623002704
7064112037985299922
15650009856940690208
2305254135566059808
9549740972157942624
8801206260638162546
6084780706233321022
3929327556806158175
11231335774273878622
10700786235328126340
4820216425967066906
14745270082887618695
9627358765791932660
44649163392118613
8856873524183895284
2960248204230786304
5421341360263061425
12669878236203261425
10940658931113898793
3899767349910590009
14782823334566043795
3982105778352689796
1869373296960395343
9139617098148805872
8403376375420194130
6770894608270166842
9887286153551806909
15673584572615321322
1388407333628632290
4953469019859425689
1218851919769289212
8729530718139822673
4085314740738048953
1812776700069372189
1344876474730736942
7745852729968342511
8394090512299849640
13122649734741811136
3183995746061050257
6785360425567292063
14004458611639678349
12459550375306552795
8198969780738494657
5484095567333691675
5224704974833560460
12452933435688461041
1584427347196872866
6835945366678102515
15883842277083367872
2368358010661588251
13000532300216106607
14078123049762942856
9817498200584487475
13713156142384934279
5549753528944167337
11252334974734654488
14014857153081335295
1078477979511047991
12773114935684416969
3787834918885330091
14502534902186322249
9131643952793460108
11655186711342887360
7427181220085075812
2854960584874452537
15964608652165890126
5071185466522328526
8970154805857545037
4771429394391532782
2524695516922759090
8969260359002732923
14641624558222372592
11082848269558699995
9330884310783534429
14084076835327075473
12519535990674398961
7999670601038821409
4703825443733925688
605211113374067107
11210694352750831171
12404876551881331024
9116556838536938648
5569710062038393463
8657793212329590363
3224580946835205841
9655409380087796263
4087007054040285118
14230645650028455224
12296452443090829977
8165787789292829294
5832666987274294679
10419142000137697992
12229304787110036933
1777073583219047684
7268004074822514811
7831637215482626185
12401667263950761604
2558031636904494795
9685699562108436784
7066740071395527533
10866545321488899107
12683577864256766836
3835615291075066757
2734234024837016610
1552749093546326497
11513184386707298162
11693726617258176394
954682684384605087
9844014255474258304
14248028550710794267
2494583170226319646
5742685964713830853
2557314067731826716
4603160358065610658
12612616125450903187
3757632151746650048
5771540180091831956
9331667349211895668
4940035936837975308
9571168621594318332
9575973247362848854
9589581615300479267
4800046327971791334
13347453685107834556
13961299156159111352
5991277564179203626
11343631720205108891
15476866553153973170
7244100332852546385
6192171901677062977
4124998702289551952
1969904049116411636
10242631663078597360
12834901201089781261
2234444652067176902
13201545363522488080
8409050317330450351
11733215781798995577
12225078562788829665
4810202952120322168
5653498319842609042
9650541748464980399
10599287692798473506
7315790840570003632
3926999499408101272
4295154877987839323
7423747045695645489
2648261055652223975
8777004160325134937
2202008441152617443
1533779471182821789
1379177159886914805
1117957923512534958
5594470803270942281
12475077495772770820
6962169647144994513
4622362077386674991
6984423530096273672
11245674737506016836
12622302534211782930
10266957197654604115
13866120947134500054
9152109602424378395
470104647543221026
15813082950620367653
4886244926755217223
10204101113940043232
11960650663024348994
999971116620694528
9391045078137388514
7259841626803444435
11126077299110428691
4827665868738477759
4090086669131817535
14101105232353031873
7934757995280399986
12502427737855740053
12039646938189597654
2211846320365211255
8473396778866243868
15256291820290035591
7025269824251619664
4613732717433440976
12438788535720660075
894773016259696707
12923477754640592102
4859160186316680943
11417099290491605956
3167521013362628768
4912981084497175375
13698091641852519114
6108818704474014298
2412057085706802362
13601645540206600116
1952931983930676598
5597740505204800304
13672528793617266473
14783018773771641905
1186927057033785656
669936939924519186
8957882442274293471
4255893477255857711
5892210745858171814
12902160672114265349
6351642181527245505
12315898911690985849
4264343040633857882
3857537563349248531
12545693695693349309
15812125132238222654
12407267248584124829
5944360617458919620
15232308354066437475
6733647416266687040
4999333315288113795
9827965289975955192
8622514170852601563
1678265501269026678
10527028590563565383
242136726514946362
7374116782797930109
14981998851886340869
5274698643634953381
3760405882481288601
6140446789555872847
10655087955094994734
14650219629385570761
15627789651450655394
15716770738380006372
788764349782804916
15188219384025318391
1715095145286492979
9176220076229941185
15918603383830760887
195035030381509027
5837131737996820630
2196988327494982017
10795209633943933153
10006223087708190068
1388724377531676604
2839805337873832399
12063299982245035930
14599819526712406099
15900848185141767690
4186207074989216523
7963498080302273188
14965491788655782787
14754188688641838542
8015230433905189253
14362945253738398869
5863932756843259660
13401876075006699009
15453012894122295966
6935019149915817305
7929098964520421113
13110327218855679411
9266210237864480152
8909697713201826006
6052724456819223047
5299211515438440898
14377514550015471134
8179640549283461448
14815137913624485726
13111665441261759713
11996651056060576768
3216010871782925737
10288979520798464599
1277752537083756395
1358776100591960676
15877388320688293069
1494440362031649520
8668783278800309546
1197026389322793249
8054630123342144666
1019108659543218197
11006717486661584114
9723960303503865700
2081050314579866457
6178335680713487858
4506072827350867189
15027788173086067748
592780648401692015
8228879238243133240
987123317524221645
2227515803566149340
1462548470811910567
5074281167267810428
7558513724751922113
4947184571456372889
9075192227238673485
6808610526243327409
4148458720282165105
3740433694343753481
9219736445286412496
9865676354723119289
2448395047611716907
4126999482049973340
6234006766472784931
395482029863445258
399716494042677655
10724504100413822652
14321593851414562185
10072328646115295565
15622575023673619690
14301685339104776915
6704943891669769473
5561369498774037335
8013480024111829284
15095151547009812338
5602248915936234800
10379986916449526331
3340948839394789910
5285930078600564341
12922324443674511731
8125941444488510025
11459746625623716721
2482715070870875066
4759443246026381533
9941019915623307507
12093105834169620141
217288360827464159
5799883033230099241
6872804328435830807
4761049881048675721
3468747451243847208
11755244419789133742
6407822597450482820
5971350926350678924
14116566201431936262
10253562810874168488
2088347328734940211
15996961983670420714
10063051932089725871
3727295267680893771
1510528989370958269
14028297282387414716
13867846642869252342
11269842007775254120
10674639304470302900
136660800160467231
2197278815264735632
2434780707923678769
7214977324207474484
10048966811795900150
4616455863807870579
4117027825844789339
1547568112315035127
11672778217380624366
8422900883239482040
2757533948642021653
10489111457707586420
11335112493865319682
1796493327526791246
4372306713198708345
10968706063739654256
4797843164235151273
1701586087893755308
11819232952915612346
5364641449758203222
11851996017950749787
2728433157721467337
11633919004880704642
15923278931916950441
13561527569987282066
10788515182781741080
9297120723475472890
11369998275009563070
14299343124984734061
14680042127128248795
7392743800844202737
13581180340433787952
15080631762058190684
116561024095851583
15672163572995376549
14030342471252021085
11966355220554964249
10635031355766792673
1229771966078736255
8362022476347543697
10207561065934617886
828265218594564457
8425202515668914700
15872157577413214557
5778698850599402955
5537328607120226265
236039088001441225
8792053998030666950
9060638229950068613
6332736586004149194
7709169041522424724
11615076748047863829
13727590238302549591
5593830212875573920
7003267144024425173
12292647093876593271
12835057187964288456
7487259731251943802
11283626575672145108
14500060470930507379
2372793766657328823
14486467520263477775
9302022454785868657
14888580887807706369
1845319185295713970
12478270378683181459
12759350038064309414
14764664630756729356
4809732661385416043
233888182659178883
12914116091355944396
2060597777366976807
2489471221034052283
3172783424399354538
6034663242163134093
2266903219834034757
5689983804461080150
3140534994189900810
12548674352565821443
14660910197340734504
6769587402324234926
11649026108262244725
2400668261991978963
7853955613864007028
7609943679212500094
8852516321626259600
12772587854792441429
12805746330246281385
12308076863339498712
5647727265060948019
7120376405766225175
11805938386350949076
6477043642444309330
136710805725479198
9450450246199619537
6404157389466495705
11149866298237226248
5182890988232218683
14161559061731476267
7672651116776036263
7321037557394902556
6252965494324758528
4663549502285486565
8442094041904462777
10704281736266723466
7841781713618117585
8977951340646978586
1943415547548172364
1668458534689191576
4836219822954397887
7760311836825535125
6084149412690677329
4874098187415135771
8649283154135096537
14920133347786306422
15774614248694519347
3840958996013562612
8622463175135460172
12387950374336739927
707086389584325627
8823341495767828605
7966415236788810932
4796241342359488960
723079391428545722
1175296425345256733
8854991202141725667
12857341764794898934
11282568143287997547
14561920132393943976
5354308350039295513
6581455442116239216
10991886461027971878
15692469471534559631
12218123160728513924
15519207791383234429
234949794090865510
12148178863972618676
2278200387053132631
10414260325384367150
14604026935939701017
13868143054943532779
883246747561372385
11471734895767969192
154247953136350702
10149570823371084223
8217794233645559825
7111275084821424629
3226305552467508103
14256433886895579064
2646756669945614356
13103356851780958994
5703976995681805307
13363943335127252211
7402173512441094988
11784788500240496171
4333343993706139895
9045825921194033013
383686301509217945
2025698012731071201
7839274879329152357
8469243291619717983
8489102060457311546
13227493251936163655
412886368033621861
13865391860155606920
12836146601288620919
10429685181706404716
4459872161497541598
519959180109101483
12552625648454166835
6480696251473147500
14140296908550239485
2148050806910384493
6560593893708338589
10109598385514598546
5903993910012601173
11397015157584368080
3418836872333652647
12829886584840848519
1957110280803537894
2840365297350770951
9384514340705782929
15209174564890293961
13104994692696385016
5871613737289376424
9454320597967063783
14737904883495530832
9809417278885272685
10493831294474771177
5284210281681315648
1595576323899731851
7993089652805645323
7393831825949620564
11833744361506771477
10081822503624397031
15812173699399446124
206672092275734407
6375317366199409437
6166744054449979338
706468431266644321
2736399839722045171
14718865243590594303
3842075401376291171
1908192784476443318
9260323109105334037
5671330572660641299
6741132733775616219
8428139828654036421
11850807832374553270
8601138531808096130
6704900101577174798
879109935482575731
8967986825258719599
13887667060865597877
4602246820114947405
13154734155388134747
8684921893803957109
985089692414169935
9874393422190910476
10058901283618951234
13237905710043346049
914476691307502780
1096215610553278805
7105597390622471930
14008745715755434689
4061259705917992055
1690646801800524118
7689363825547295804
5556425282480724287
5312408080205999560
13626261225524644659
3069436904631049183
4676384791624682328
3713978106722871091
10391917457462997430
14735521762218073977
8411346102582267591
6720108031222941481
11640284761842302777
15630677586736213122
15649334552564866054
7393477556677754963
4822002967195445277
15891620716129642416
3548895721889758837
3892321894809746295
5133525109001286822
9945196149914191173
3500426918779125533
5910600048061523027
11735525139245486466
5144494224352274739
2501895401283087409
12646716561138165511
12591207457736854756
3068076703217999587
2036644099201186320
13807053567877434182
3874309346069970457
3547725463613387600
4178186502700730251
15031198442322696096
6452730277002865182
11947674161097574092
9228441188018486047
7948640362099090808
6792162767067457684
5170734772977370137
8179495755363840527
7523014004586931885
6019550944173070575
2988864983418010043
502133422797888096
1776923990959115870
7774852487377103931
3302436768039188139
1933363613148087462
5583728737268977638
5572366858917046869
2736632459050553891
12046200851285738858
13203302783065191272
12969766070866077051
15664662024085275106
15893681543968301216
2677505166357677977
7264490538005339116
4773875120328020154
6867048119807217647
15242999027559659872
1952579396463493216
12329963513462814929
6812430042409501698
9271089800470955878
11989725029746888734
2166598226428645765
10648906069085626930
11326593421562461151
5473732658941830407
6532276358651324282
4818364113039229488
13646896316963704376
7170904568567485088
13066505485513543352
1105419855334459722
12206202513543743285
13669859418554846873
9144324230577209018
15781391647469056622
12501199229451741798
6814218287038321739
13972267202960979263
12810993671358561153
2081897830518950161
10646241922047528213
9607953968355477878
10107013900238465465
1208075910318067354
8819347937396497061
7003312102162284668
6470806671554326707
10362148007530581104
5487785335057036803
13615178074112334716
15067195560961843646
6358124288809135885
13726996872033298249
15509445667420786125
12271075976880205163
1796472259767103202
13693269332034736757
13882317968818077968
9132416072351083631
8767987465390312286
13807021138995938445
7570305071795656814
10071702033845904244
5389940154711403998
1351869430370556615
15686967341714746205
8928685249785040405
11612157940325067309
15815221487666316370
661084504607629906
3217679385751102821
9690482761956714478
6642759405285667602
5292128515619348138
15327481945644395202
441767503921493770
2242813379958338787
241959792642120516
15876519026526029250
1557180373791466
157032235596635911
12305753219513888025
15431162746826584663
3228023655063945098
927557958792842125
5024270634871403525
3440323791322535502
6923239916181579666
1818677706352392367
3264145290752020130
10551822332913252944
13701327554263042219
11149051164667280428
14856113105210669783
7604787597276121359
12216887441152491708
15863380793000564556
1769149924056756753
10096300286373235165
14846277532664160583
6341706202070930125
10462522353547068680
14327231733614159150
14998091521930180061
13690955846807819244
6983727888388225600
6181529281751228900
1818465065882086451
15199152582236058744
10592546193884711701
15248696217196971507
171205710385728919
7365869639223056966
11684555899534085033
14761699362618935770
9770985562971821930
13475021710149414196
8950803814583046704
11994961163793396790
4356586584556726228
5978314373070034550
13663647442867995412
8898835522260913641
8704302208497246901
15239393120194706857
12518291271928748955
8881190951861117300
9878520290233476278
8984197292081022836
6097171346145520055
14588530166286621681
4148444880125626560
6578730349543399639
9156231331280345890
962783308782795521
5815006127298418210
15228812029385059149
7344424113048202724
10041691733467462570
14003602145905606723
12338546563293091243
13176418021481874912
4787989832412089415
11141048439783350046
13529874976466778247
8933292149699441193
8533430690806396699
9282324767527982130
7118456334736244273
12019143191750229364
13336606902616204209
9163778379055241070
10750588254414313015
2933223032066898863
15235609779695111987
2110430234723373619
14300866153251428539
5037697166951232376
1395731848064654854
14153345099289718173
9580699155684048193
4629384369522006163
3698793943384640215
13070819962063826506
12464506893374138529
14375309275825476786
4134683710584424671
10536982284894031016
2429799828073326636
10877770753018015720
8644106871381208208
6319659907373233466
10526236385576862823
9330872309360703998
10226003927318852488
5862310822436293648
4481189261049327054
11281042011549685369
6681159443186219716
13177905693947476850
1893560946274037698
9782455750732582637
5580270869962678432
15885453905947948971
4911731999001182377
15985482428582918223
14875118203047552974
12962983836025597443
6044587769408961459
5607148858536413038
13242645554846651318
13058775366802578207
10516043467150206416
9216938392438887668
15810545092851611574
8256526196108766026
7018259562916163004
5709465683319545029
5417458917410178603
3212865730709555211
2963183930994262568
7819980214301841619
12764621381896843498
11467798136643092293
2731661062925585707
13960308222117847878
3743711726859989728
12915162006653931974
1168413854908932516
5106742529701391408
256195032621385995
1953557358900144475
6811334837949670673
521730035556770667
13534264008794057396
2834601660243406213
10203598469301150952
10138125063221129647
12245619129399799643
7835397191310514806
6424148430777738685
1343789497646246306
3517585076218565954
14079831337646954136
4499814962153732926
6992080701681556673
13529446945335701891
9820079052320395085
14745096888031412512
2978165659982432916
11124778547631877867
162224967530183115
7735085515215963995
13095898285611599674
6274575254807811546
13021985820970172299
413084476531472181
2620063702520908628
10822922717072086667
3782059823685566403
784376689573387221
10670237802488216828
12327298093501237552
5223622392700446300
9657111603843655484
14353721473890296568
11129499049128975409
3348557945968406000
7217818033035465929
12302506694575538049
7312579284782185608
14381275916341495573
8702676906794090649
6394510234814334975
5133719009840333591
1283541387702981999
4472659083549741855
926806644954610374
5055734475021821901
5226459155637964934
6122201876171508220
14103789948835982326
3656946286057892311
12654311910201691225
12529467229172384939
12270443002255870626
12662117924017528476
6611023917706941974
13683957024264148696
6702519071206603768
12222250508584697708
14400705936001307354
14575397273666533356
2234458601348292361
4212556147128920416
8196302039524815319
5488305950286361123
14371025166378511086
4494304242519140014
12877014378911584832
235029560698216735
8247326497725369183
11058384924997154679
6258611603774293346
7995159130220489888
11641949587656367328
7106929642826529411
6508433038447710847
15959795315062509950
6276760577823449000
6650947120623029152
5660324605061704412
12418772147946551
6087781187659753256
11888354622237956173
2721922987849304117
12753034647872647702
934331400619061695
13657199383105236293
12493683389928470154
146163478937504361
14479147990590936503
10504022588830674016
9377269629353987164
12931053532259113312
14970648518902488250
1959622686631631449
173878137401619440
4138021287621300041
9341638500001164101
3883245211081527300
7249685016486055675
4124236853181272455
8542903731123063617
12913634677209129527
1272232064990000587
5740846569759259845
15445433048562566819
10473618565434579947
1068820948311974446
28659347918430968
8323079731547240939
3212783739901412253
13064925702479966828
6513916390252026758
10582650789179713791
9878475654947281681
13744758605710189277
8923585447673267841
3921704686912589297
6957065613833290327
7383600880572673715
10641892963088891025
3259756351383889853
4387179641933777290
1839825717729190665
10685005469014133107
4637854657249756370
2803439337070013643
1598915755794786703
803112549010076213
8117134561688199410
5436450345648930557
4018070336096824756
7074588846164073403
4277724486573817178
8160841512640161607
9692848998469590533
15240054905496395319
8538163025498891550
1171785486749089700
7143373407158558282
5147427804972461998
5265657879504621438
7623582391708571442
6627127058158811729
4549400972250542461
11379799897921116224
1056326968931399041
5863269828901605704
3279476671946315353
12357884838879469791
12608114442707342179
12639231674492104711
8156758822920474789
11702917244512368922
13564117171815233029
2346589926152016131
3397515753335863288
14828218743142025430
12082393216402630399
4819001547425642391
11370658515635890835
2352711360258446495
13326474460951301376
1089157037562277300
8465727943895514223
15190206696210849256
10218112226258737606
1081938406290204090
3792292268288563224
4880456620113355403
7082726220623011853
907226798358626305
5407985132628982641
5833849444384377995
13255469814981537232
13788814451282210385
9291106947656111857
4430202468616912573
2993737231145219920
10756310639681314954
8077337324997162807
6038949921495467789
1459940882188205758
14132241797908359704
9863032430988828112
6463097761416650609
10615790368069628819
13795067019082016172
8192141849142099275
3979205219763480740
8499975781888537908
2894801525210251190
8614651487793599460
5681048061166508832
3382231937643930617
1983586818253224486
9771061984011833092
2242112154275308987
10432225889408763681
12476645395834295655
12728082720815674568
6001569760371321302
2921550141457162562
2543575447268868868
4758490530672106205
11879741489814707318
210107825042441982
12513130824943791077
7726491192975211372
13156682997027083383
5987803963772499313
13104601411446820152
15543465625698504609
937705981917769820
1127288649388954108
9775735806624282594
11628343194874341311
13084205767142492974
7344874841863685198
8975101669894885209
15650335262464668902
2539536282916237318
5221499661162023632
1931915592271734466
5036620877532265383
14916904722460385232
11706896371304136859
3950612361043052238
10405417113530563664
11362680210330743415
6622984100763577001
13421849527606710978
10647396367640651169
7232644432044903564
4435856889099316441
9131913626305612389
13326081660614368881
12379196712785992347
9605981197777090757
12349584305193799057
8104016563815456703
9525120258632127014
2297331637936831913
15076917080206979995
64215113614720132
2422042048086288352
9661740268608107255
5879797431844816353
11076290363633761566
909432269006137673
10957133699969141229
15652198717651765784
2797304352740883647
8715827768521285612
2311961798788571523
3712003731245688463
14190393686061969133
6202345750853870901
672738014477212147
5401518231133541882
657626681039579270
7657557876255087215
9332175418252804051
8269722243627759960
3589801141436221493
2679284944477797894
2215302378075344454
2599472700474134440
11461443829315818137
8963405428317401814
5253338792859515712
3885260147718139621
1707444295678794558
12201068670662289758
2443041049428629058
1497566912917322353
4222276988969395543
8648498374170654589
7290439771285717261
10443543091746589020
14598510166492653183
10546372354824016166
11691090352004280222
13948414304080205095
13570151650859521235
1905273489808407568
3205157063171604517
12285893048769854013
11836986550506741607
1921149525477346537
5294289816743615711
7335723093656079355
11511484472149950012
8007635465367548585
9926034774816976398
606444917507986922
2704983180256553162
12639790015471812475
8053369223511697240
2464098271524853242
2271994625722424525
6227292386133480902
576053076735717256
4585320593509300518
11779683906925792956
9982528176275904627
8440704009309631531
8595283557081726893
4419995273732569338
1438653303552197203
9754222299941936243
2146135478306951737
14568398209928488379
5514679151905670609
7150854572942987695
10852420033184106534
11981761426483308262
14837802092681739418
13532538055080094972
10694904626919859925
10694059700464048011
5928104609199568569
13746221734139949418
2046964641985720066
2334569628432965576
7027909724819814553
13648363576689928985
6452177286028710211
14729255648275469146
15759836879902282839
10719017788264940142
3918801839363878287
1189609713735602968
8237809750376280098
12808019171897374495
4684671265916594621
11544485516419394873
3492866320728124814
12030640322051829403
4632607295962695641
3849251797415792042
13779113863459250847
9935826007956672784
6324484148556153164
2119544131859727612
4573893156379192446
15893317914649322277
5781207811625850217
11813897709539194980
3475367025049279971
13827164663726086992
12897612474642284834
190446914220888053
11694523170169468942
10912821106654282862
7882657281631433515
7599887025104287679
6231386168692665477
7624309915937239141
15978873866610749009
2370932178852766467
15512024459972933991
10320486205627609284
14603522494133675880
11141988854387024578
8962815055790763076
14456850076682116314
14930284860148053685
6745384975815456453
11844942537584140382
2280587156584958011
9961935779216933820
1467834156709861298
3703226729693000378
3764777954572789786
14753157692140052904
15467417109374485529
602660179414538786
3548851356672616816
8979128895858808026
6785915769125307642
5699313407502038320
8525436836531707870
6410074517775438711
11999782209916654013
706507088951108513
3260316904922966982
6871971364052829924
15091571502038757199
4348284869508191149
10023649670068159803
796717824681882635
11670775182227700510
2785962049202785454
10184353422830304732
8100212723688750131
1037529202160865600
15399831257022369441
2662542643852250299
15561105904838754008
9276308781999273902
8348005817051918578
6321681017266209316
12216562187091949688
3760878073398410406
1200636153722518196
14633495263584398928
12093385597906417919
4849415823136873522
14263170403008921750
5871160073743607116
6712817175916990612
14196178408524808983
832196290784182731
4859516255725201406
1698229557208133446
6810783908075870981
3202631426811160067
2471340582474961647
1280181891069372713
10151903742752271629
8713287728350269777
5470485987395835260
13148486813448860463
9923578405580970372
10720138116633647469
13627938822089695551
2424487328262564778
15687558261819477102
5173953087871632237
8517728711528807266
1242716956715305969
6227773393626575984
10061352683828715440
4191523168005509064
8226562233879880900
9789899124537785435
11650083312246457060
6736280271616086835
4720239010599904730
5345685432198069311
8677885233776036214
7316233831313369814
5806509522239629154
3240127707850135833
15970055492247495887
2383301932862679996
2987314206328489775
4301258066631989979
3323305056547590538
4242265983871307306
6374829568920207457
1419398451502847466
9840964723987012447
12319350007934328033
7243172472676421597
11616239231435116739
591225934490361836
670369371518086013
5565057301801993485
5093337957196948857
1050312170048752709
1985587200324275518
12863237324045007332
5591301250594653769
5928113845231585381
7706473451902916223
6340459503243744388
1924063635817275256
12631655971195715294
4169461049343922165
3644295609538286408
7313319449571255801
5839886640028860054
1490416754569553350
9801510209961224317
4941391366231761219
5496955476639292218
3506277620420067423
11174217667516344270
3965668035166791723
599183835129577894
14156980525794836882
12357335916528385812
3138583114758351767
424521579531542084
1313390226634263432
590621293532389322
2167502087932065618
3556270791167928150
14292343845678528972
2739314014134973119
3168785697188476487
11463295412528400245
8473380369315227524
9635142852676653905
6960232271773702783
193009469050539378
10601843575638262386
818176241084408834
2850451050974788346
13518463265511576885
8445292749395424713
395722635920606636
1461883852804656229
2047940398629249683
5496405553354400880
655189284768308992
15424746034500289148
1431832020630378849
12335004636672260045
12048473177054684486
5494456336434016207
794169974498380522
3501362825573163256
15580327486969612029
15024751361413145403
5330107691631811715
10177892912415165994
5961861033757071458
15211756299632594988
5819407601996995705
2143373373347845583
3036710098106352987
13075678594816755398
5929410073539598983
5184117296352065440
8557953216131498137
12660105200908577369
12272882272008913660
457393826388211906
8538343158607601629
12798214982310179677
14278406749309168875
3160082725456819857
15564266105003057788
11198762693348654949
1239062836950068571
1957764914878672948
6286574569226639584
8113125545456310452
2157054292165218438
15826088543806864276
6211838509496045859
12226171727576377211
405277324965125118
14065245606200200137
5169841734694237864
832610783574630520
12780718925622973511
15595663180506098850
6879348035645447963
11486620604546834740
647497656128781869
6592370195403567114
8006304080977051057
7529246896176927406
13178247159896622193
9706240812542598539
11162960359217829675
9793554949273477962
15875178981577253933
4688160889317734121
478189840930341037
15212427176949338261
4100504852764602598
7912346415014194924
8437176886528648125
10387026199190489655
2172159192035550902
5479742572533110518
2881415308292543693
13754856033516174300
3225797787906828766
5518971044606761175
5477259556171877065
12007851772320773945
13474161465630321420
12470214941906102668
10176176776228824143
857252557864977500
9256944998426243801
10699913336788820338
8732189578638632555
12021894283347282703
13445414077823161562
119029843823628205
14622298387880727738
8079072025864262744
3395486530350327371
35673759592727316
13569482897182099864
15616683574388909966
10611794154776228264
2137630528912051205
1586204006497356651
951339786242175280
13537539412291086938
5756331273764341885
11383862945543135990
3179560718784125915
5728368779322520060
13185630006178876864
3056208130174751666
3609064686691380863
2877626632534600448
3480884171023506415
2783618190663935972
5141236169320539146
11466064969325659283
14617361981975420222
5625839386445236528
12936998147227885949
3764994167426435716
2691045319546653445
13761671576316682963
2091676532777807815
15464237125016722597
2767522879240682635
2994414443309233844
3923407331277383111
3771254691800801610
11595517650853734092
14124607718475796676
367796853196169938
2220209740670778996
3088216496279857783
12893821279828010921
11453559944252242022
3633217256645376889
1206417427942821368
10679285260473034743
6256603119398292954
13113553208759765532
5411785501450659522
9464261648646918096
1413388196070289329
4947657844194090846
7863133020902182267
2375586074801711211
5729952986259516483
174527629486469376
14210903468952686809
8548601905930820698
8251264350729894819
13123183245377555460
12388368934026402964
11733883236975405548
2818489141736370721
2023383305356239914
7336805364480676688
9895091313670848036
567738837807609892
9822640506999498144
2498295236045494624
5482930721549691725
10344824111222599101
10990822503566389211
14694471441218337122
2760261948232818976
11313603272387424067
10813232455669933776
4116744673593506405
6723704767413694021
6218979473352138824
14275697045543778055
5320240945850512542
309725210312568770
1651050662765992461
14218524197598150038
408141306375126656
1622991910427413040
10704656050677030858
15412944200038629386
13798238878818049023
11986177423428547155
15107860698418033817
10104248212449973082
4945282000722572399
10528854665409303415
6119988262738016930
2628021917870685535
2775583855994664465
11030469275717648910
14436175776722103787
15064374628156854409
12493313257258454938
3277985318460914976
2050596227869465046
11375171975947816382
4585990014796312215
4089173319864796715
7282207238684050795
9986024418058553357
6312682302409096490
6764620570274327967
12012066283765776952
8862970442253866194
11093420205257863460
8525357223121427531
10650170183686060955
646206024624256123
10106153979931299720
8757974793053440409
10118331618721611659
9004837857013646606
9565736716860641581
14211483776230039944
11139287879591347644
9125724380836338961
1469915300806797391
6007152436428098581
4394575301233771557
489311546985505225
15409156900545574761
10884503578685342369
4208826770380885025
1061956937261154349
5040972460660877674
11918853921194918100
273965574102478028
6477755806412910603
15700272111283582100
15040974259214526317
11348685815840441882
11746961692228631889
3128964775778343426
12850352099706819703
14449318022822287908
188992792879621447
7491007153495805286
2275105494545642137
6682755466361169739
15571495822325914722
1942857462670847291
3475894316102189901
14373594320595774911
4045992293461868232
3339363677730929808
7113432924044137340
7963989842541977029
6153901185030123967
12254911008678113209
13976106308671344593
7266824000467909928
764794424597225819
12109935436161749644
12614644677550831428
10788128110397932548
11463962941455373831
2777998211635165461
11991753532308838316
410709198774996483
1111396435775554821
1013038781594872011
2623057969653883578
8969441755365719414
4370643643370655070
5550095593540696042
2930206417575473592
15475790211039192748
12669936135086037106
754303024115463980
12987193889719027950
3170654931409559974
2367657146598573216
1664288125775607435
14091181458526071292
13254637947070791974
9070778370513763762
9843522915546482047
6500132076656845102
3598206023326979558
9620223015586264975
2184039383853655746
8188695135826687551
4446031858446355901
1117431324174884524
15469786216177067327
10546556683952202720
1352324545900924582
8002433344662790557
8060634842876146930
2290698473615910542
8594741033755234025
7864178519440710563
8294049934912040564
11856116168571134943
7071702893799984150
5662935337390729933
13726619958913820976
15371375492446655712
10070012294655249645
2403864646765617233
10301026241920219756
4615732904055036701
9883312947771321453
5011458977434901158
5251747212290129921
7488406239449313625
12317259968250570378
2814131472339231648
13158533777818921627
11427748140016527995
2681970429140964892
15418945703263249568
11566065055507565532
7151862549199836211
7645606339891338685
12611086409370856098
9169905921097443312
7979726872992124674
11137614482329662516
2325252338838643904
4898448354369967121
2550421117799127660
11635594203050518881
2699487327722363785
10565357117122294593
14889976400958667806
6631516305613331793
1665289619038777048
6153969436966492599
13270426037719917504
4255350707417622812
2117233141765630420
9567139358819788338
10824586408873592192
4854381026727519294
11046783495849544992
12842184542943628580
712537724723469202
9072907448199360507
5656369559332152128
6689234290736291605
6775979512561436357
12655594274655672153
5584402253362661943
15089357685869793515
6455633725584549096
575990644278503854
5107206048145210602
1849028981641913333
10939367394278958599
1022455002499967741
9917510512998760462
700343798313506536
13180558248284380906
6092837307645917047
7583226168615339641
4538631901306215113
1731811055311494129
1649589394971345513
13516354954960836367
11623863126689895992
2562622928094158462
12544308759422972027
13459528977688443607
2156384444088416563
8135452320346902399
14991421626415249069
8655430237086496700
5932820795721100344
14694593001913533707
1167219312704533894
1779789838746577271
180621921605490225
12609620598478297856
7092531168745428793
1275080404659361253
929078096045357512
8028695172168225955
639533495452338258
7332802322693067472
2272533742472079611
7192384055446898027
11647227845465869806
3540612868951601168
9474649621564520979
10846288054432360779
3375640502782447495
12599495767169595880
4795111730989199474
11023622029970220520
7126685221642305304
9061744359961499834
15352591345390348517
11481978271165361111
11319552123092372027
14445882999755124459
5711002271623670018
6974582970470062367
9173914566659910885
10407160830264416041
13727768930791621711
6630755451654456796
12451504641532395045
15619302107056434908
8766923432511681366
4774005971708276721
5322799400903970907
2905778179135136751
8631950789750503852
9144769965157257348
1634501035315144691
8950280137588235524
12390105114303478071
9562346846032076133
9558906694268458613
7398809764071574667
8778973836329636055
10747150914375708747
1133022278723898823
14859909272081880069
8260870227314777472
2834291338439468892
8506658064715171852
8410482941713369476
389347908114410167
14359397830903552468
8078297041781451425
9815585759173244921
15785766957560050214
4060364804824296576
7504100521550088712
2831432159952895580
4100633898228306141
14332400281519144387
5053970597294386146
3262618099836852311
13794626714432055994
3908266259754462980
3229697698314753336
4335467953894577203
1665224182302497824
9369251973975683436
3549881129427873194
13808911630893264929
3599625406401759115
4069576679893275216
2781821879764030714
8124596611370469086
8715216501460974632
4842984501733647860
4991049185054205241
14812953726213655292
864734386932097368
1691644637152167706
193113227940892446
9087269865929352646
14279452339841711151
5949883189056846566
9594887636234882000
3925525636558222580
15158949097092513028
8943072686333126902
10479005809938302659
4158153560888695022
5251223139179617888
1912388748586516990
8038901370333960516
1009351881729792636
4798500810555271208
5088966532049672331
13923633110558389601
11505189319575991809
300362481016561045
9481174950750500390
8442523137248959548
4788200449878981738
10621645210676819078
11174838905273992743
14428912900938147305
7837539812220752752
15194999999057069968
15497873132784184386
9922036599535250776
499623562901101440
13018099974511317804
6762821470632084735
10528499985761724304
2785632720029438866
40800607792386395
4085409234543841744
10049790559304000643
2381584439499884031
1188252195007950545
8591115781643430326
11123804087695721358
11289039368077584813
5557852180964412800
15538566725338410636
11025492064795138547
3691261116702326618
8601419445993368511
3327973801472478539
14641548410221428535
10983413488164976455
3388202383502407276
5760547088369083603
3746675002488515561
7359252624896696
3705284697683748517
2552872644259857065
9311311237563958496
8362186869123682805
12477164807225737039
11719939822376154331
12217319541236130939
1407897393035551445
6992036528510674
2498565053020040820
15302287394887396349
13473408416120275781
12991368869910827096
3386061461752880479
10813798281748694308
2834687149803380574
326139933039741603
9871863958335725521
11058690750341698309
4238224022531025832
8449599938150666753
10104824345394240251
13964314771689246230
6612783339713581137
12773210109622982773
12626258113022962820
14236033574630793894
4249059341432436763
4101364493995822087
2111940215356406165
10228124289355359842
13226847984866466257
5532941067489972275
3858157859392913372
14502133135684644799
9779026032045224323
4028116868361873410
12663434729423158937
2470073818557817438
3827647666330949899
12730755150867202635
7788773052268117753
14043329126091360817
6344083894239649882
12683079189814695381
5385987084488602278
8905716988649963023
5268929769370874272
6926239295629846929
15249911242583361824
2182599828766173339
11231891368609383623
3341906144871780478
8913561088176914637
13498155239351619043
13176817601633385084
1648365875030707467
8998429740729823438
5328351267284405359
14989242037465211775
4704746784482291360
14788767629968333030
9637720187770283903
3840566430386664141
8320003630013679955
5079795129047236121
4802928259117718710
14162937413393821402
2221989315213114270
15333619953794892568
9298663956420832822
12145048919218453813
10232671487730483090
14575835908178071258
9956918606130722564
6505764560210168833
7547619622700716154
15318307006325279838
835148605249027297
9490053194772812954
9447638523626880510
8585103282198778625
12265426273602287859
15030933964774146181
7603978528517766245
14188308755743621532
10112304333600922226
12269468743293914450
3769488099736229995
9061647510233167755
13617359480355565478
84445092613193467
15626719071742764794
4412967080554431609
2242398869203650034
835902063585559717
13932478144637443171
15420800344623783786
5659946425863255754
8204696408226656349
14204160266720222771
14698688553469963056
6598219593212346586
5125454837179639482
3016340402832705028
5128432556817580999
15626887556178832560
9322207083222795083
5893964090345000246
8757105389061405507
11773650067903389213
9731909403036443912
1083914817230388261
15247607427370398432
5347951082017706826
1065431787896769708
9139001600905382769
13090143488823909607
13424438307612209728
11216353346204577045
2684182318943479148
82005509480825174
9156747962483663082
2902376080415521924
5723385246157528549
11335927645031502108
9816714106099407684
7599965344226593071
7594856564666813735
5067654012988344286
2903342004233782654
13025310250860951865
7158034877434672057
14724898934479520620
9916357403946081655
11716317205540628966
14592598655811550024
13674538815605230922
9868278960614150836
10145990402048555201
11540274354943718876
8703205051026644596
132712738939770352
12400160696255093294
12435324047995533159
12858943527542218959
9421841575536710649
14244570408024371951
6101556241582986680
69594348602954242
8274273083775777383
5556012308285963983
9945769464175647070
8983464962306044299
13525412396520230995
1681934233829084179
9249368777771000827
11842834432338370016
6599457270417584113
8616068699910286052
12591496935321222244
2608227187380462887
9271135441565524931
6627337909899779297
3358076469745566824
701517989911962956
8443430913445526236
14100467214562074470
1432835844749830363
1171449209768983780
5149691559201763500
15298042826959276943
6758876251864348968
1652899633233417014
7476049495212997559
5358019103533797625
1573013664374794776
4029268680898291010
6956869923478397871
1729074199130648374
7835270787861376289
1372600276189538667
9859119715018294954
15585734794271788141
8103689953421951110
1116691881247012977
7008183870609757984
9839935503474625598
428034677889058339
9930307425818344768
10847844235962942924
15754097708759610901
1768025524374223899
1324326033446764853
1705331086639889278
261230973249939088
6936464153174261933
4941650441239098410
6942571214402418927
9616552237720894479
515867585412660968
6170557527493474437
4765344549057410718
279019798543088403
6372764294540283048
7701414951887466086
7954395443927144747
15091410066869243995
11379812679402892149
2653055035884725318
5376850579851423509
12153556635818511509
15947749397332594951
12438585394984861730
9055451478564970739
6081245441515234468
319425049194921650
4006023023823766961
1094083758402744913
4097902019607420840
4594199049038540144
3652337374243660804
1725855586990459926
3146707800430916369
13549996986196521273
9137866084794533283
1423391768520860790
9166086633400242312
1154569651174882279
13836378216650364509
5078457551026734531
5251000591762486243
13555893214666025599
3418894310193268190
14413926005642289701
6109550233974671170
4153482824249343553
14804074382894229885
14205383142667685266
11931945330351694256
3348080134622164295
10722599888651605247
11557781712495939937
13364324400904737605
13915689014089296802
10586218285520883482
5424367495048497631
14608717619677058222
6243712906102050581
2043928987062850890
11584020894369424383
11583391916210927906
13893934376749028733
9318639558886568849
15510526544535508101
5430743629039122123
3867355608373047810
3130973607366606081
9382096141481187132
11106290247039578147
13878731665221383442
9359901537453126153
7718169111531317303
9537742301906327688
12298684270820305867
15847493320382247885
2900426637171345953
15116861837124876996
12500561125598944495
5764344112466325821
1054325936559361070
5887372832038194107
8035796484346314115
6874044228119813776
12249503406260568644
4786609559058229206
15939307813014451266
9057388811587935947
4588243905795928628
4887965661185638593
13922125721681990470
13006738609511797952
2686602473887221718
9791492889747094566
2248980837621973394
12096453836363497290
5969373352991128539
5145518548557695735
9042985221473757881
6619685888430015492
12456567381249417753
7413968891104013337
3713939096663567652
695532311888346353
2415618873802230324
4237158370284057253
15139022822662962993
3065018700135575421
2184113789273074407
9921690578790588073
5560651203429633107
6611088811808001982
14543163254311377763
11433570767010189912
3701427647823212630
6990419976947125521
13335696762718947167
14764396532837771264
2933200467413050387
670647564720901621
6452931152532932375
9137887376736192785
3900411607871664236
7324048009620348683
15755320911510014647
5360143810466692658
8256783240505457140
10503614762875337943
3049842453743075629
7931476107823797633
2412170837068423159
4151313480563419380
1158954805145120860
13765812706065697267
3176559281826881506
14845287578393032860
10883703166202653509
4863072942402716407
11741331492919703791
1959862419197911238
14412548207231799914
1207541014805679848
8611794114361887870
618250496312232222
516475596063879272
1584342980230846359
4356161603053615470
13713205611197109114
12573645635133799651
11315884956075212715
3689164367945728627
5976925497154186711
3379907434091660551
7948707483482525953
4981034840501585632
12113730944361386755
9471944197645228172
12858664628699811781
7529937330929779638
6217574131202456277
15499710395843109029
5571952693850748604
1283330952489955266
1870227526331934402
12386341337541732240
15235836772534434987
5262388199196577383
8713644026942984025
3815279674508437698
3990995484243248056
2402949251443388921
13775399033505968051
10336950150277906038
15386505898313303782
9228179421425773116
14536718619585412205
1517731119058852247
4553363717991157763
14399729530467081785
3814571428303325102
3780750088146901629
2007574599546922466
6302354240614674428
5591483019935605901
9946903814033485842
9267374451821956433
14552699173323392251
10436667869882311621
1160002757817588723
9171377724448515326
13983310403560745161
7204541983291351531
10452211077508000052
4155659408347357654
3782470430007581082
13556398173956053692
6994493410472764605
8884994865942358533
6456661696995842699
15837840620848701331
4427428467423709302
6726828221439378415
12676346802494147112
9040137037670454781
8900257839697792394
10478998209780045362
8766135436505046789
10575158817185471330
6674304378242392261
13441186781832979466
5735757969101032945
4647499781287972669
9743899359709425821
8282996332180650814
12876873625086766989
3797644423208337622
2745523803226903859
13172397273749027158
1620868942692729088
14349827090058739834
9737115903389416141
8003880958037363575
14786931729597905597
1119394333524876388
10044260025283450345
11980316573334745054
9349525744543134115
10927288516290415091
4846335995917479475
15367550388024884072
3657807672986036710
2861173468069819150
5390554519889356590
14651521117433967367
5927274982387152684
11666702687082479367
703714276737016030
5629560338966205053
8238543965344914221
10808428199025314672
3031677229537169380
3344087048886079554
7874424700943450123
14451617124755908813
4022853787574860503
14031983677138218637
1912575234693137703
3469372985173672472
273670741831701377
7517051886078383980
8634526107163677647
2717994292756479849
9105437889321114490
115904051804021935
1451734496377793550
4171304490030702453
7192344126134704449
13685713046336856982
14170382491136236874
9088292811110998300
346917552553543842
3482537130674520057
12086693377526479994
182596919638813009
12575527428946798769
9176830582120391249
10559531056311538139
10520397956363665734
3940729995383781092
7283399935745613309
243748287210904800
14088003907229209559
1741749244627677078
10365692948292194606
4749749112728502410
3107549292528858012
11744260861545087455
799266239463792441
8898558682699213263
9479634975024095114
14270726150938403432
9932103463583648276
13672738695095100004
4053824498159685449
744944155655636571
6991308109349838935
1979526747867920985
8105712440443342498
4949246552669922188
11573427577538432992
10015869376285074092
9017169904848465684
15888497857305477659
30174003149579060
5435424561614373734
4228386688538344115
4262759913909448898
15094732324543912781
10867355758176642896
2627997015046001584
14289692571409313224
6065725784647804769
12228987282070513633
7174058939826233537
1540388906734089730
11395212126341388981
10420834175202202346
2011053039499806292
9889124859808233337
8958555729959073955
3001101637810570192
15925138618741786862
995280912959629727
1396293097817699041
1278806877584439176
10947746534997135264
6668884712397262152
12678132644774906380
10423224559003788516
4995280287241019397
4007237533216593021
1948123228029594014
8785496250304928227
4676669585083179386
11639731290606906262
11937016095646690231
6336916446027981381
2716053360110162965
5172648462003172751
12410005829489284946
8176986875293863225
2868325651773874054
8676966178925435779
15918874736068689461
7881438249022553982
12134701070151094333
1906954812721153157
9064477742930047709
8977274251256346921
4989269814754274831
10599272552660832208
7265810390512645308
2821003097140387814
11336992034681895814
14760646247406571866
7604778954746303893
11530129473157980521
15695171895260311337
3142934980214207781
5467831145024116441
123429198589365412
12456218275720883089
386700408560420382
5936418553790462438
7628296168953363999
3123673501968586720
11837110232588889331
4213402586713957138
734460629717125437
8064036442063620999
5425743075461853131
15163178640368942474
7368259896420027564
9582051234924361367
5586061633595891434
4686113346906975000
11590700971386475906
8280745505827563437
8212266653378583055
14488204749208698768
8754975380982410711
9770754570056220982
10576509309646536289
8306944617155076356
16001312362905490109
5537318309688657657
11308157429520937247
8559326160606252410
8995648450807957835
4445541103004213565
13769995518409719906
10010325436996218433
1495512737700120046
15193577523513994371
844388531037824382
14214067516652899329
14637546253758540006
9927567350878702509
3422699733760372607
8754890131052061153
6465590128973108567
4387938250378018250
6617835671919972650
13318270550236665312
12132973406157872218
7758278099692035030
6989817542003306438
14285625999072897036
2860540157113487392
13381512397023787792
13195861882992394139
11811969746004943441
2629789483558660840
9206504539973526139
1923995280236002640
2283505263468334258
11754574842539818039
4470847241612526761
2165696609208196225
6545701386113538148
7001940175682255274
2335299763041293858
9820744461651994124
3897027211581394091
2244433958346976576
14063901327121236340
4385804155081886088
3347412240393110093
8816649722325234222
13665400933350903123
6253911935718601235
10348019520883541585
13128161777646652644
3808913503355608061
12778135293715435993
6509743544719078353
897087147217495760
9720990635036761800
7073986854294827254
6939786094001605
3141904483548760870
5513499542514548652
15937235640152315676
945775861099044533
14311521831388353827
3674219743147793310
6591009373145476482
14950334815595227044
9642042614797632849
10571690473260182572
7164466178666108515
11024998726381659115
9656806629959587102
12160927923463552343
8865603717384115938
14844816534205122713
10671378097344712393
12752705352168699943
7925531947284714398
12082569309889784510
460021081257353311
6852208686644440632
2883357958137800910
178663097590313210
1114861579648883531
1390782537127803131
10258480712195810199
4196505539188140787
10834210147473296910
4057516341218270526
329370828733665142
6182428401970945795
2258687413344261594
13361445990686864345
15866317605979082428
16009501884383861664
4651126149953590106
9079869913149905318
3355135808821794557
12077560480060844540
10018049538560717945
7847345378475263124
1252245077623767916
10740475580490588732
2724795423447405516
3375429557636831664
13179627508090506976
2857812550631998273
10955794709249195975
6655549003176062990
7150434859718728154
12515248444656166042
11201984903059861254
15827327765434055447
13407995388949462125
8170991436388280984
2314970758271409442
14467941806437592742
7111972062599676424
7299895792100173892
120650873695111267
9628734533636374912
3464440418843154702
8713523029420645561
10926214173117474132
13111983455220687259
1445760300877103526
7369439050666179010
13046275200881889356
1206464020872266918
8495069157423547061
15282587391429521068
13899351139483024551
426219404734489875
14187205603585042983
11059226519047445783
4080910385470822131
3412978080573267977
13234583001218329829
12639251552066485660
10363454037934480044
11573997611425653580
2401773595132053701
10783382309784004363
2996249730402694314
10273593494908843891
3173465991016791576
7297838501989990555
15531544465649783922
529074795996848950
14669106425734626544
10169542781700434384
9491220961033632742
7155438036689010857
10843235444277535550
856643569088816753
1915361664243739380
11925943322175055133
1936510090860162191
13408006989938903970
6199690604415116562
540944059524446612
277623987892519344
13875562714756605021
1794076485571090592
10224196326592967295
12106254478929045253
7131531229128400890
9501066859735828405
11302300355412583747
15300143101960903353
3930546946424449335
7883561299737189706
10217176464136432904
14186394178368710468
13081277464876009891
4618476407550577731
7814635930463969765
14471295760409094912
7837588080007367553
14090580566815699350
13074353011656509571
15402743008871907445
5419450558465042763
2040329790918420063
5036679753954434965
9960654027883278416
9294497903020153605
14051263658410856847
9753969078901284296
11127947726879587042
2298534635602294142
915732906894001770
11719601116213839739
11804459249744145009
4409250464865221837
13866911071568991866
1452287708414228438
931439974342245853
2252704189312618048
1651848230629664090
12787146322676148428
5031712594600873600
14843335789799912038
9071249450107065413
546226840013594292
13530995006482700508
2785754367601798641
2642300725293078685
5721035747993834088
8797423514494087709
12278728089036105295
9238321340010338852
6622865711533459794
11483863697095484466
12708983434427894088
831099000174758432
1756963108077780241
1094547135130196523
3521011516315116115
15372490494171870096
3031694459912398883
4007414292009874741
14418492478054713156
399721078242589129
3142973419974218671
10964455631214869928
7235539240788214237
1886541700364879639
15317677085657881217
13677346252357280846
3131234749526262684
9179679136768865555
14453076798562227123
5516177369184712619
1047114051486687069
4505823611217164731
10503843103739708963
2185890060135558843
9313466100571809662
11612270901554413783
12321900561557765203
10024656042197087501
4099701290527218037
730410482516442817
3936618097107676543
8333386142541494904
13601437785507745545
13405982091030627083
13048837604321727743
9443530540074971769
3628485267982028201
12501810622440113679
14379635807349599737
5130970831696043076
14958934855455025120
12751915813037122934
15977751777738702344
6439982443386188781
6145941860942571492
15968270503647350775
7027348926556067381
830453724385700436
6558794733050479587
260512443197966984
7696522062382674876
110257521626154569
8718319693749366694
3244542258790044691
702680825212470437
4851759878996577388
10458476709258152387
4537543782061666931
1732906689616542766
4518602177906330361
3511994949507679906
12078623284827752490
6106527778925585771
9601691303698796680
1234794526483353962
12350296557818143089
8530276142002850386
10786228296000639200
2666621918567978657
15226104183864670519
688278170950137462
14259807110563575818
4188933073805477572
3002062892054649651
753576493649435671
7083581397816853592
11505438268689607296
11236213490150353798
3642444184252380934
884336260904847017
2536322332097247440
8622856119811500820
15036507025662818459
5052604376496499653
10843205489723471589
12529191210403219204
355554943637924116
15330354782313496868
781091869843291862
6205025098058834755
9419554712798974785
4071355677909795164
10103076145511824594
13305510011938467928
8169574636313884042
11033232164160121561
4672708004586111248
14473611840242376535
14077781017219320517
11574154408310333290
1291740443781399841
6689680569115396547
15804583503311195257
11126356421743574328
11036593789251510695
10928184516010239979
13145551581314887023
14435611010597238627
1878816302956955275
2910863636126510042
7382844499580164456
2174671189639670687
2147606512473749505
8533788640463808930
15864400588573285910
14709549272359255730
6717461282536202964
1470303416792484335
9107883299180704296
13870181337958190946
3482308073399920395
6152872149757861307
1812091153990126675
1504861926758558562
3743501647626794106
11674922364077261471
1068353283113149302
9928530779351983955
2308112391495447230
12451875983353670033
2736055849826050132
7709388955232649181
8520711690741148894
6000443015424037886
3362361624211837322
595502462654492911
106824674264250587
14117930206242823240
11370107081346183015
530261514306234803
15915497299237050541
3328455732854528998
14463177313048905681
10183652289684351519
9231575535199818568
6106876399704972379
12135916321857668552
11048913149611834644
10255803459166912411
472432457783070520
7111692363180532297
14594489526112391298
3609824707083259131
1292977490412056669
11759980296696880531
10458710213053920953
7705929756417030236
7208462163455608252
12708225080032537688
3878104283937848468
3582945089636709121
5196596443028778434
14760566470815361635
1147906334689118133
4349396617449980454
4997883187247266432
10380400355631415627
12427602321697026891
7904723287877678458
2466574072478342105
3562590568003743100
3691087726309916718
7958802461851839422
8999124915692323482
12588597009324850472
1415437152589151612
3717421801025630960
11640821183216297125
5526746440892723938
8612754938417139445
15977082380910064489
8922374625412662478
11837339310557721477
7067628179336679226
11102066876396879712
8761978715942753868
12990165435069404181
12838195688182053502
10896044006731749520
13349599016015899248
4029101023511518910
1536072048486042053
13757506517993478721
13434004694614558161
3501525277049749746
14551001916179669245
4355146608473997381
4489304504675828870
14244005321859464034
1610806368859547748
7207101623438452095
10959347983629115010
2289291660931129384
3193577038019407661
1016449558638103583
11398220901667042480
10427136987648736744
1244292912478304831
11411064415258497373
6078601422617131789
11365090749536354845
1312250450992281095
6330290899411807452
8133444110860036150
7646105756702907666
14515078916162629675
5001520195559405376
4116027412372598281
8029224410859548960
223138314959169195
14729554411900234356
1067562440631802370
7966184693710969996
2662692065588619577
617884252968717039
8866830609732613284
10127940661744400100
12089414967247268393
10239492987878714401
6272517605828397235
13296979550664970887
5874368580279778393
8877627456425901244
319857276359052805
8988796479093958229
7827524864452414839
8596717185390793324
8595304315386878137
10399478098573948364
4517411374364981524
1681701991088883646
10064664916977497228
13341405848810365692
4111925349592374258
13003665408095468450
5051943423112449713
14757940146671722793
15950013270339372945
7730215819235247456
13280873343562490153
5975570470814742246
11909527880297041650
5190689766173629881
12110712515828171729
3191734269316169563
15316578890211482567
5249506013958931464
3067434677613360622
14192037296046506553
14442119773047347832
2428539177169135662
4804778927932009857
14896424274189827023
10979936164108054164
12894667736551464776
7459459279048210176
2508482264324610054
10917330651656400807
4843542738678728489
13940358730168224173
6251913880005047840
9737751904203831202
15602451296984434262
6483274452833201043
8015880885215096756
14418559519088744655
1791857665720022238
10512306512713705305
6801735517056723464
9159322359449859900
9901182949047945316
6683064488863355207
14016244284894183738
4736199974031628580
10026827036607779934
4795421382142208285
6246355225435301321
8904091904470761277
8767442420680236275
15302346627819256860
15007909592481149908
11429332563258822916
6731951002652420492
6882269571144087212
6583333229157267242
14474097462901114359
9843948100531016899
10631651073068665750
3998321843820000985
58611583295307950
10101587643559868932
7940733321283452517
4022352570580546948
2234257912486270628
6182662293565572711
15167295033984293266
4209426040912768931
5393665852300573157
14746778946545891950
9607371126839971917
10818023363663226052
1364559535636329665
4817277679308792223
11195861030878892418
13405822339371424970
2872276830121017501
11262395543562176617
13579161732411832847
928725885047260444
2463689882545841311
15532594617096206489
10118197496090536580
12530047906381800628
14455080263759829323
6232279573158980260
249600395883769211
15885031074777804911
13871863266764393342
366996329125346688
3368147226093015919
4862252907838695877
781540307006006645
3530245749601600635
8448669089450087969
3030113994515080724
11100276919786106155
9829765113296117782
722933096621418432
4034211839234351317
14148803277379407907
9733809057247184386
8842234817774602785
1089495392136093171
12073112820491008068
10609179171533145643
13539060341031511083
734544108808723752
13190984191600426129
14305608713613214885
13728135159758728451
13409380909258609452
12383367344565851004
4915770418832372740
12823711907496849119
2260475192736872215
14825473152535909969
10045801979361024424
442492995979342701
10127348159353364955
5189363259681131410
3086581361767293156
15570448012821033282
2979161058814466207
9027297917907886009
8892357267587085585
8787041657632042901
13209926014506882487
11546954988933704197
15051974343534151572
12723932044816565887
1054331295667393628
397507946999449938
14760566731068373268
5118217681509383541
3681776892761969632
15665332134626204117
11025935706850306213
8788288360984286501
2819644981762213481
12178756712878385882
5447836969316094654
11516480927490738177
10627216830263538829
11857445653884892395
3273979072563176981
4805386714758724484
12578935866607651519
11662926391037899429
11104616642733707841
12835789968900257217
2739101720548681177
6848895697096858259
2007035727997989101
1627967088173629819
1360327265247956484
8199415174899354280
3166156312278985434
6109196724441871258
7437276429432328637
15834632248935457560
1629919979838751560
10580174891823463709
5621764887747071321
11410079035735380134
12422057847614822492
10967265136095474924
14240412909381793350
32356509548149006
15919828904996047257
4342754280477738492
14542585232174891753
8913120390115096941
15978578919271986957
6331914633239607167
9616208711069664884
11446747702648204986
3854182737967431512
15294459256961840030
8103928713243288523
11435216727176034812
12548610752303429421
2211663899802022284
11769351669258736175
4626540395709552772
4696740699539955940
14675823631018310859
13698034751908385217
8738583703481702524
11763596639806827522
4127100658590479901
15109319901308982310
8695775353478066290
4397945798186558212
399749313643343177
2884716482902687560
4120912447910335595
7561249348322477039
6362252713814300518
1811865537247722065
14244257416745789813
2277386868668674744
971961685168355198
12966979647316923884
15318904028687943003
15167713538090297093
2318273463421707356
13064505497439138048
1692652978774082087
9837676367176098509
2128882416212826516
15256544501654372786
9544580205432001490
3921986965477304482
15227157678173965228
9144755298060890808
8080411822374974136
14716875824346554671
15140174517182087303
3499427500716994080
7495243858764028365
2070462163467106891
7110801304507727441
428962943299066742
656430549073036559
2302397634591266208
6647512811226267686
554553904310438553
9978177046124501494
6891237534305402090
15616950114007141945
2624219138180701026
13749930770869804307
14781082497872062927
12598763583114401630
9318998708194610677
10915489080568260573
6738459991890865359
6030741137358174444
4469702827879985129
4207138214288069315
8908281208227820094
2953830651873526528
15603341012707035419
4496077717305786733
15156300686027357803
11771814578584302456
5985063038505475260
327650295361335354
11304853549026734390
8391892477019811869
8046420667493302467
14973033488082404327
2812522708158863992
14734662828813359693
7556027530169611537
2039797616141042948
4480242144545395143
7410487653703593257
10581411944015710158
3027163737761611267
11960763562388294058
7896726758808056776
877562553044459401
4637357786048343112
14443895379898802475
7296934049408331256
4737611032248138788
314004658129037725
10348272867042243397
4000082570640290613
6029494000766294241
4141386477217397919
2849861300546700356
9632922153431698181
5628182694609013577
7520294787984196882
10307901662061376787
10801643714288923526
12323435151190092623
14983708193717811182
1477490065588116307
7866024760248984480
10118607414327681991
4472151095621075867
10277332312352578955
129518819076027991
1689342484690149549
7816277126703337108
987697559058492569
11776234743200048390
313583908925409832
10287767963803615749
12277215919683219475
5137586864083115421
10208370316318461121
11541037122334882191
12123372225755110901
15608046101650877300
902003068762818539
11583957873819152893
15716980535307668215
4002101169153245854
10926734598124593287
2819821539245259227
6344088511886200065
5857048272090090867
659265683063964847
7209594036187440067
15425587713917909837
366222965821817248
5024411739290921671
15194415479024566810
849061603930658781
5701305071030717744
4823440965540618860
4794892407685703786
1311472498222170340
10781891123670725952
4993423109802794113
7920145441938716463
15214810918695158056
9239735960244730387
2161050335382660056
10683287638185466746
13631921508013946949
4455687092691982648
13566573941198316701
1759575529224703828
6173982682279262532
11711424376397149060
7484777473074496553
11340215952902876163
12649188192214366777
444080399418255150
11158132951259466661
8499283550119636672
3463903860808156792
2431046726061780015
743061608591329492
12416959214961914438
9219111580537145309
1674667404265818211
4487424742363331628
678877496049161340
14295428073545604323
980823739778596483
8750329864059019862
15515089395341504620
9838255589586823040
12413974524295941664
6482295231452953961
1650302149685859418
9171190549575155197
2777390568888982235
927149976957716880
14770277361770640603
13571675529926484260
12447573115795640662
9452841216489947610
9351181426728381318
12709846363353757714
11539777342186916864
10457914970710045179
8257012314144702162
279962540262227333
2632808716721449771
11477910996804665015
6757451237445996030
14119496200059965594
13773673409820579931
5936588923099011805
371059565583628162
8515733044870302788
9424985131633692460
15285603474570985707
10527556280081047074
7324406046440122241
15316616725147858352
3573761105710267219
6878080680653674940
11776943291368733215
9674934740795610638
2759933934816624213
5096177235352656527
5680538338730389306
14701810155252150943
15468213433126659355
9098704736459836378
4498958938020321428
10593681666207416707
5544977802675423842
1852971932621841319
12792811971164107837
11555551979615152039
302209425916302552
1413742575995701220
34253625103573694
8809219516886889276
13535255430078785154
15118158168000992990
4834392523182083904
13031410386878403900
15190493538402456034
3343660785470134248
11037411822067357581
3533867911765211541
13247771910850102917
2214775541787617754
909222078226300449
13456803943463179757
8499322671606808846
3773632238893569691
7767511437876351339
1228223916055616096
8676104686868183311
7843694515580872289
166707450659914034
9324062987047569260
1065704083977624525
9910343763690995611
4945072193416761340
13865361990507009636
9823854166136120288
13259474812836993208
11826511819779472701
12786112555271659093
11558991412499361576
9319714554027016815
4335878987501584196
4491952397189408014
8086486128783416839
4923417437540081369
10860680788434854045
5088063159705272646
15166238451372381611
12242884616305638648
7742496626982940065
12468844577240476658
15354277808778691828
8897467968986603464
1069530405394159503
13773601258554331532
5019284415369503683
590413765242221235
9497561672089345200
13971917225081147250
114884796180228645
1283881646037833894
3601805891194223027
9263960174456166569
10002474548449195100
15651554179581467675
15898459590387259797
6130834924105698524
11509936649969002
1310713951693903866
14323709799584692674
5645718000133504788
3925096484007885125
7631188413422970322
6912103114101068801
7427392292016949861
12708306221750423485
6896534483868551108
720725177467519002
10447479329927256702
1909533690557775403
6195427517841860327
1801452960479479850
14672524725971703117
7100638691795596862
10880052650548841611
14367200310673514879
14548251389188047569
14048540254588855760
2137169934313773114
10165843676748521344
9804181945896630231
11922284358853042519
11485608659370381389
15948287663205204380
3601831933378137185
5063803110739770394
8614512007398879665
15380012434210559768
5692820482391859296
4585037318247300149
14895238677001397730
13837685239446029362
1235168693446665933
7157942179695879150
8063523195203351699
7542667967702774909
552915063337620456
15400502088605596182
12185183494486951915
607287736863937397
13133701203876266262
10093977893089273452
6483733054633248866
5845098440705368431
7072469898693343234
3921496026028520516
2087653643897666305
13877300588300930039
8174437583235630461
6915134635032616276
1002263155786589637
7995767774154565454
14232886526075300149
13932760387881896498
5562860384687897878
193549895491610333
2746040527268261736
15125414138596063702
15342760166266034173
3052121884379666606
15611063356383074908
12989671490834712843
5524144410470546084
12078764941694979957
4802587101373272632
286053092632647480
8937199789834181326
6998203337519504967
5638161637859872440
13619495882427562284
913345511438234206
2407352084672343817
1758833838212856118
8724047177755800738
3217132247271465892
1808435631295687785
12759585709709925237
1204198110733672137
2253241458527052569
990941824985304670
12987790026128620506
9039861667115089233
2970312224134913646
3850417368692228607
8143781018646886222
15699069786527923155
9916881220603365678
5700565511398709655
7016588054511120953
1691173943662410495
3780652303911412847
10119837071546870352
11798604437607414755
3114312755902360895
14658319162128355377
6593631042444243959
11586056314225293481
10002401561038759399
12712573211818935974
544333330726963196
12907712767027954075
9113644360108486414
14159438856905473432
4817392874018343016
8822704476162778152
14347914270444801942
857107944032044755
10073815585896808693
5854755188313383789
626003310269589387
969823841232577756
3231214207694357114
8512644773243958677
13956119111646036949
16013535153732331314
8726661655616659347
8862296770652052588
1179636784473103111
2610590831283888534
2226015575647326496
2977855163978128347
13931477603850035101
373611140215103759
12383285543845701124
10473351270173594519
1569103131355114169
14616777276622581125
9479408069145364290
8266236703479339777
8689885473691418636
6812805521833335389
12214084262400286244
7486441151874452783
5387693547782469526
15217883327946429566
10876567476889496411
13648687190643652533
8682984423507942249
3411431008752006784
9162514244461840865
7711212475126702359
12666364190549794750
3925276836387808835
1528632277864698126
1718526806050107192
10072466179772802207
11573658538295891629
2265460568805695789
4340224237863286485
15528813247595288309
8144600261352076628
8697303005363227124
8127747350484878394
3973625082699537044
9330720392477762087
13527187371444289537
958459333420093138
11428506240540798705
3042146614251482476
9401868191234018875
568522282786871381
1475531925309486004
10837966339497973701
11479538363384892332
10418713042488451056
12116681190785017161
3179186445002489359
13695795259722042021
10769158226243397001
10197590809294371508
513740602742712408
2311087852739286871
2046517998448527704
14645827216834831508
14806537732923914085
11226220002889530560
4358606170860610326
2835146367315002151
5938267272667982726
3962408579442146438
6766710366988229970
15786832415722367491
7946775202569671169
7450370984136339826
767089598092691824
10061509213541431401
12750303998956290582
13422087217562906429
4063423452517070461
11967001566937413051
13731403266475654049
5627148145481679060
4180395888062161470
5871028062232058408
11998180869694505315
6194050323538021559
7500276720571872127
14365450734638813072
12835060650440004632
11695290278123144369
4024156448842406027
4082405777937156014
3620261007695506688
12449239267070033398
2493828383686468314
15776160201812315869
3955961745139060726
15462880866574550742
7971621145849458617
7504184243695653600
10858871354995272115
13768428965750125030
12947754742317473297
9777446970182652695
7740659355358449795
13144505731527532181
5997814611207944491
7415588361863694167
5236078310103224733
7542935220753721560
4181744478818071405
7946160319928026077
9335974969650130168
6829624372344162886
15075807545298888673
15414901651205212898
10607415114925909263
6282645103785557478
355996402944615819
4948416947156990951
5851120308004168296
11747120030113616032
12940475806278597240
13690759217617099090
4849335259929433761
13225937690915022991
15974032772604709108
11996706117696362753
13314006274382652993
246353306942485775
10192250145938706850
1511754576355573952
10201564667647238431
3868605467584264737
10114838462384961065
7366328175659871876
2259439206473267583
12399901356945712964
12866348857909066050
8443282221302137551
7519296946108194908
3328900978826893004
1657518805854682241
14330430779551927587
13643845121839240467
7619631748191994211
14292450289163614313
203674978654838581
12960249009382767056
10939935713419197734
2361159178207170436
4448107681558308
9816494923138094931
1833164585864438617
15564199971304267280
797495336829177797
2147173483650293609
12672867627413132722
15364445226618887461
7144866264798540163
13946718189447454196
7616833267838365329
11733202021892232748
9395630711024113423
14599133055666324723
2163247113831057726
6469655576605670467
6550473037178414541
4902198458085344632
8277555704418590787
6141849649956534332
7360236274007676841
12834470186993520899
11439151111607464388
6737911504594086166
13570846350629290026
7963965133393530069
15588327340071226376
6984500859234478948
12065027227169016477
10596610147003523810
10360721049542751574
3328095244006450583
8302619834181424146
11544563757423328124
13809881556293887433
5281012992541274349
10291733609874943333
3461853161263562734
3758342978103627788
3164298985848945286
3006097100863723551
2136920006648878024
827115468475564696
4655439745284660426
6062954218154728823
139812118368885646
9089362299232743618
8806705982378991779
7454631048687120630
3490160017119458385
1724342917500059470
1137437054295347810
5441715033765551806
12745430563270081070
9600798222462869850
12432043228487291965
2896301180035919679
657806979551133534
12875903864510424515
10475626737265296372
15710078612029243796
1795253329301900655
1479585744085655271
6973442949647147002
8369798002340601558
3049212613632215234
15975096709647604616
13445467057694456501
7485296870299336601
7419748533962756170
9245838759338403155
3208599425832051194
15866190836535193721
6292959527895339339
8156952906284837237
9568048132790200662
15483983852193764109
1769992636606152999
2865107213632613528
9978494085316361548
1605275474008025630
3694570528567209284
2859972157949489535
11052606817100328605
352659498362823788
311413879950570748
10394940234128457565
679858780379648137
1514595980692417364
648313999813953994
13702757473542593663
2461038744516034992
3173203744441981602
12417557492486480963
1457204489765199154
8257078104145771128
15238638520565444792
15858772791386388507
2607246252364134668
1786777415686219691
8304692789482628137
7369963452211723467
15737736163772460243
15982811285351560047
9629751045627977380
6699464525068964747
14194295956032744831
5849880706103047496
4391066744234951837
9149083834490362801
10713970632053648683
2380614738948827748
14947794546601178262
408396900756817781
141440162306035458
6357743964446230787
12751535390068831813
5377696125810428054
3781660379600407469
1958074247158773637
5282911975672823923
14326381967493917169
7481792574342573781
4270607613660460071
12490222331198614832
77445217899922637
10545115745515809582
5026840024951731785
3180720201202901288
14220505790654197238
654354978746990562
8511077443167571991
3055276220807822390
3032402082462913899
9728048183043759242
14180449160210510548
11155408556663078514
14400585290421434666
1512410824045215962
6677072824640567110
3523717761271102234
8005847034782105442
10791300409078320922
14711320650837873438
8050362762920481094
12651975694197216264
8162409077376990407
5523299256987010961
12814274826537534556
6550011007206937192
8328378431746467061
1846769587576247926
2546275529472889137
268234049923459763
3238027279025117335
6855982815929722571
2695321335861848328
12700717560547817324
1068440094202472033
12038291204833391403
5231446587310742292
1471441792810696743
11408605364678332533
11604656819688231673
4932041991239335051
15811098381446097451
4280542345733697650
4136319229150385466
12420595646009076528
11218772471682604247
3401709127052482183
15410752585590649326
12959242204904547579
8356365635928702803
1259016772900953730
7516126775357752111
10633239805087142457
5434965290522124881
5437678417123766274
11225248154448228570
16011173713482132755
9028004469119046622
3144055080078015137
10753330432738289103
3470169863457990495
12978814898534864794
10119720937658895236
7174165971349095202
10141332472673185079
2816280844824737453
1718463231760065355
7658809158110709315
15272543715500521113
4708395092360636681
172898769629007867
13655030782215590339
5345933848839330897
11149974457332462904
12932373855094047287
4600350080424530803
3721168570690914181
3760343643324723554
5622075748073467548
2110473406725385462
7410675171400585993
5405147605489907772
13544429738270384782
2350122391074629032
4302934274134846092
12586754617845365778
14711463858630271961
13039179623018082506
10078861704156665169
784997089842503234
13616879437171727019
8650126666037177045
12701569205621851092
10152099279317110061
7217361610630875912
6321696825038854266
15495956858741908277
11722740189618472480
1681105718479955524
11645769526115894034
2886502700901585006
12247884828369772007
2762728043068234955
12826000919485727358
10819151988688881331
2292325257150496158
5282424324559670107
10397700116606675236
11503152524638669903
10489303320359554089
10061715664296445331
14914754431107263407
11247815215466496712
12341547536557172680
14488610759452414204
14991678420526926943
7012136457405925673
2944696574153762000
4205564553498198361
5488275690038594409
217558792779396564
2341250229042102169
2895833721977407609
2694570508228456665
10675895808722510118
14887704650267465611
5693065180466379151
4201813596656071654
6807342237304338084
13921477714104004587
12908128631474812585
4499543557343511582
12958146700590546223
4569538867994947224
5577593826459344754
10772384389841895152
13057874221374028580
6115506018200311279
1319195859511306703
8554553171224618911
6590684501646468752
11499024762112585128
1561714612406779573
7069364551948266574
7064583576095220038
14980720750973086087
8563104809852461838
11780944749656771543
13578924999508887783
3769484900977348726
4633628095068694929
4027989935804026674
6715904220246934979
1375308987740362862
10833548350589021612
2040653292460075815
5385605562352849248
9178733118713636069
8799493590094824253
9995455071601693688
13301628319483939694
8227025889319227976
9088851116756621565
3009306265505578793
15888368317056771479
322118093267697096
12294655952583134926
3352871681187365809
12270754809415154250
10523621769030977960
10355075011799788631
15586876943556860553
3662529177831504260
15348087009944343144
5707013763931365797
7775712816139528884
6288288709791018481
4700849375667026694
9544821764566228040
4181524328815569155
11202606982308135374
6527391792487391801
4093025631234158290
2407476783040774210
14145556778049064821
76158692069243480
4490016565656968846
2750125948946665160
9038516588274033300
14681064789220739111
963820279079369795
4038257532336885896
13536496466579555424
5251995034142984601
14748811893743660328
6727135830548285073
7886470183774609824
14139435250937724857
2109902001362259171
8403047326692370762
8318833234740365198
8662111462512957624
11569914216842577283
6574122903544912185
11800720840493372171
4641818342998557966
6979775233688593719
4056476122401302445
8904538161534522259
9005574336820337387
4498568019775458149
6444275216068682994
15923512356007313719
3824821668855427801
2766651651624170565
13049245822860768885
12734766172252452734
3259454047085622390
5808951945606949247
3721099569885917471
14401275028578994015
7671093625319485455
9507612641329080613
5420571630851634585
13942251227181235026
13585783875717279130
439131146712642255
12328661230754523321
10146403286133104295
9371459856299158179
10159511617620669519
12728829705945388385
3989744811426889552
13141392902292258054
16002123025268653217
15665365482196872994
3370240651307238276
15238346282875922922
3936096079254168034
10802604517910031585
14696921975797431185
14519003037192780367
10814487473713912691
8896275111432556809
9153951913221905936
14315076821451451177
11443485313616873915
15845440014384191572
6555716559322788154
7127497918081193788
9222573254900029788
15544139283659649001
14239130763234417584
14356656193484042018
9820216491432770383
6731599046690426868
9583487658505345219
10415847271917707131
6027834829182233132
12143080206636985001
13211102042790610192
5985226922064535859
1534024627194476081
2930895075098359421
9484303760258183728
4642269166001898171
12723503482854004196
12920837292717173045
11085566664135023867
3131298293123290120
15406480272379668083
10253284849451905180
11087176403288621816
12730867476648203291
7980402504630368084
1824848665681583814
13444726433384008135
2538773088143680276
14345201202654677166
2361997234538963383
7961466890806814805
15349106297543928731
8845665068977541477
13165161094210324187
14991221834727961681
10923130073537632270
9521343569410209508
111562412939221148
3374559094392335116
4683235727163121547
3914612431293821740
8909581056375506737
9100310003433768924
4113747061283422691
5606239189185962808
5397014547242402473
7149998986714518432
13603417973125949639
4458993529530570341
5197568280047808576
10882112060177319114
6194769190587344974
630986851023821457
7462470074849430236
7916265906832995274
9809596310146011787
14903729727076790124
9089433478755563918
14200165440786862914
9914711314914736310
3623460201813578172
5766824496466168462
12214401684557380911
4667048375383235775
1096776141947586991
14235733434423406850
5448266376364952560
2712007607049005268
3810621521979814536
4023915879491928032
4582620470223650949
7585720429141501952
782708022372212240
95914576206089047
13288136352041826194
12993915432430363712
13623532768515139491
822329552574921353
13393624692847607722
8593058225617471145
8485490416578811834
1645178712504661927
5855432603710671642
11509134288826073905
262653807933645993
8298498251674381835
11241036089985919572
13915099071882467719
9022926053461955746
3002057555411852717
12575252666147280279
9545222184091326729
10219000765008961323
8748042900817208680
15828409019885978003
9097074904460171096
11256402046694017428
8798664921371887081
13266233100340694369
5838529407932903893
8926559964215582197
8381976496622971031
14942941993451501082
959915285381830975
3293225987685449852
5364153531778522946
10473815066649404300
13417578372247414522
3234273739902035643
13532642532018906156
10437045733596689493
12794517728208609635
1658218155804678185
6202127852081170619
1447169312122265372
13423622427572549174
4415941911462529879
154292545961395902
5490601064926152071
11165877437949164645
10391086563643050571
15882621011170225161
5576523207858506720
13928583321779423615
2801459050093614097
8385025147666406549
11931705867496362723
3436946661811928794
9824346294539305886
11425718617027920971
9023025042893486000
1588532155250113348
13283689269598661739
15331208001857948706
15557599933129723162
8761865063787014486
15305316992578672904
10570207321308236308
4697154739393940767
3367210113279040042
13625363157364913376
373443089822260254
12521797221388670319
1018384486031679507
7461132586832456451
7652632600589598929
14890539216808994704
13339285327679259062
9802586746836507517
15648967033278497153
13993534143319046594
12395729895969360045
8751955159110079888
10531580923870784781
9008791362635873089
8224283225734110267
8415603011566803905
5519633400571348308
4807400806294357605
9519805262245547372
7924568447613860663
13290198540131784502
2392110545237733915
12641502484073816425
5936582492397708044
271333256558341163
5837316183463309956
15886363728313738957
6721870546661804783
2578338983627704430
3948390769412747014
2555977166362636824
9632721868923255853
4792560495139605720
4960888092369534999
5547529598522665702
3140708293751559867
8612457856515748828
8594305200792544989
13576458432687174244
10734004501219640475
9020247164394739734
7955540685921685298
1819135676291978431
2118148223383739836
2045516203565146443
10312230607197059807
1412456770067046951
5144773035011496994
1646988571696711887
8980742094906876903
9589044021642727613
11140498747938162246
9568189796474582559
470664567850339403
15863305552207401503
15913404543431192325
7776591125555429246
11578104039661400028
14333865938021507769
7627763497210463852
8467742614032286728
6662050859130930370
10705329411116182424
8672422491665830539
1613356100172715106
15316379503777399873
13754717264513063058
10740778527906432235
1858717165459223027
6987934343600585461
8850019176715624325
12401395233233703655
5646554106109758073
12702827559078128446
12981336622704286071
12208650750740827431
3446681415947670880
8048115573946865117
13019549040064408117
7807187207364475666
10939867524751470867
10513354722880924538
8683690421824020469
2964488810709343832
6006793235644423795
2458579610685566233
7421149929182997413
10043273527015178363
10305518554082247462
624500604842721691
6410606103347612220
7605560465423645782
4500474121540505695
6878194497663791813
8910862694711509163
5481392229916193652
15339012112673757795
4151476694805844475
12277479542609932573
13651893563940343936
4627636108304411344
4204147739398491216
15295935400694339592
13173772379888433502
14661327291446533152
10728791160425746365
12320658758347017725
418449995427076230
12076122950462908765
6969068078726141758
709971321698797717
13882524685742020104
15595758002680010484
3367031044531417639
5937140484651785735
14325368385329829517
10886683989111012235
11853791672701079667
13630036634562533640
1429680546495494698
14407986153135494826
8951392424739479142
15208699244939570844
5158705056583342284
8647619180150163329
13247495500872185538
14580692834332746987
9257694810126773086
3909970068711588574
15531214168545883220
7412090527583852048
5141329316556080153
2514285753283344805
8523562999804661548
9451352307460655887
3372244958814456641
3496749741557579161
6973587031377968198
15473493484359949820
10571472188824994560
8998914136133387647
5088161409272296108
3744306874218375018
9182880069270190679
1208265051900085153
14838705363226079019
14568443697157450556
14337098012007086122
3266049488016419338
9082067080543102280
5784086716412579541
3054712406215298878
9914555964792166
9434304325703184741
13384745909045021568
2081969276208428051
15678323426615069630
10023088431287759415
3409416677915960394
8168006775356964055
6055785670428928167
3121397439428568400
1931378421983571106
823883044993791626
7309872294897999492
8419129045335757757
8556717168598772384
1804318364229448475
10550896892534450293
4164578965412778590
14786409456587605016
11640235054073460309
2482082853027115640
5208592514365168227
11261731708380303570
4120788756607710918
12061437673292468376
14202710334560389902
5378967550024394081
9062025337768449317
6991426535878467574
12334649804070919795
15970193995684798249
6544715557669192097
12122013283630903932
5754081646068096944
1245834611685464371
15229576905135303558
8278787642833193707
10789586257252767264
5178612777732911615
4206785654476939012
1170972038230923030
5598419232123974458
6567589251252584323
8480138963777888743
625775143834081925
9963120701301300028
13099990332320834190
4418870041974237812
8649981732381627913
875617519224869310
8083105519691814786
8278713313576283471
6796218692534866211
11571137373506452461
12020447289051347268
6846044723201312273
3712417624074794950
1552099312438540775
14745415365642638859
15359373638302925559
6015789139667622309
13928840787031989119
3168459103377767710
7847144713566628723
8894096227967859753
11019514269847916865
4590109818204642407
7670159035637786486
1550046299546167025
4793220137601851735
7183415942981852894
14453377010336580353
12304321410581734280
15464246841914055639
764594915829047886
11556034114419406597
14488444123561148761
3262172963493874178
530448396584141708
13510199529556465551
4752856479716446943
15664986929306666302
15854248295425596456
3035711743528582559
1945954688004105599
3173996291699440098
524802547485099769
1385375790738021178
2959197543882573626
6874117531891128021
15225785272700003325
10024860646773203153
15985598417626167199
9761808642418252806
13686773030672561265
2898105802069815057
8671102406060407930
481199404226022052
15921796920372211461
13611105045273111333
7942018026414324416
14113891704577616328
15549570543862369913
11101454565153821460
7252321133591862548
7211307543812964624
2801652333779527363
9989386484235030511
2027635733236633308
9845119743401413772
16001777252271193030
10669810306916473184
6450728949877498468
12046295767744648942
11550517442078097728
999639347076348546
10962286006003726758
4211024106054782555
1628177785565449937
1215796084520577639
11926047017175383576
9006975694825244875
5896688136670820986
7388805541504336106
15779746525213212131
9922568503564639611
1824940264158209139
3572216860732887813
4475714681501846673
3847354536242973193
15084375487489158399
2736543741139110815
6120186040634118
13123054538804863873
7302470019024967793
5228835074514538021
3157972760196259036
13288658776437175332
1122141317857607642
9993826688389405047
15828752004747481991
12603750437642001014
14163079321220620952
9810981942360009877
6902980850351654310
13039343225637226049
12293972562219186936
10720014055564676872
1218450496465184023
15207577264003939410
5993621625603020755
11298322783097868949
2340847040450630433
7649780669006652673
10924143400311980637
10952222352177602829
13750447495119941404
1246035793889783433
14190916573899343472
12501528845844927462
12909503082556263831
5829248773671254145
4427716883060745747
4774966637423912239
6166426622309947044
2406795240005843925
2495906245918725740
1226994153323423222
411623314319850248
10455529473637105990
15352714876335988907
252180014027726896
1147087782693082678
2569128312470476072
8424349477963954819
12603567294631131741
9814071974113060087
12786613534330861457
5790896071029507852
13427546588902801304
6956470803316970202
5955317672502006583
998266362415729807
5209838920334542099
15235555294596828200
11938854421352097966
2167175150951039628
4689524633517070681
13848313487653673605
7649189391976720654
4489844163255728791
5116924691293267234
11329985821885042688
12465465555814469611
376044167213383508
1225830736467682714
2250027525644899705
1636148671575322959
4050589761996472143
13633798905233579233
1494417096372851660
5273274850912128873
1704720922161633760
12085527138466552338
14583421173735717496
1066513381651995993
11236265827256967205
7695099559334375313
7678607086202490111
987157627055607250
13802987506578955262
2144572314071802399
12360119060320213356
986075437971879903
11102909071676617709
12501000238312501994
7129126339608677235
11250568488854832645
1889923659339092191
9671617166695037735
7784756833321470360
12043873401231987618
3042585738609488519
11931774861923385406
14023279769898701952
9995791335564004363
14293343604084025483
13653363491210110433
1256780852507754640
1304889218625950427
15010110327625861872
10532546895308785012
5178290282750735290
6805877604470633264
5741467731293458711
6713619608466739798
1554974262739664736
1344555525983603988
4598228050794905284
13943727272945146180
3203005561377728879
5079072659641868624
10497317084851783936
13159832272655849779
5797507694404538711
5391606162036740353
12711525668680396244
1358175619356296633
7774275790884721438
15409628888530241097
15311373328152260096
584848540119483644
6220114368696453603
8266600212983757985
10448399283574124432
12480888316398470493
3517339848658079926
2564130820078788116
2685322442192992010
3623113990988156395
6944521289508976689
4744025093115434768
11161275854088363552
14933851184180593121
11019219936601381351
7284613619784208399
5176559170534197264
3205594317642356574
13909396349727625230
3961869745384460606
9324684625443131408
5901446163942595260
2872598692901062188
15497020748900470502
9296893971797429236
5434172481732640166
738650616504954481
2993216355509026945
949661973724415227
9570363005835306133
1446857686072978350
15787130028549892880
6401481859034673872
2418677596280525197
9121336855191716763
4173876515381648445
8695397130284676537
2598624311154607325
9085685993551035189
1914124802524484232
5148941592010504345
3030005595416358862
11482606626658202060
10066463835469658363
5055386298909323469
11768866094472047815
5225154227615886758
15727926355023475362
3843825931679649599
4649132388809079383
7327825720113721041
2816226986957101616
14116055474372535823
4390054694222323789
2534219755701717813
10050982206867803768
5843210851120182823
12698218793677232814
8112608512396738832
4277188322173082386
3541699950142148061
5767780501644358653
12400214717746940122
9967606597470519358
930816132525801263
3065043829360092809
11173610182950339882
11713048333042030652
3869320334315857656
9390503957984932543
6649220465630356762
5741435665292703492
3160969368715149940
15524889626508194640
1051462614351058797
7696588509805429004
2062263171823907418
14064057809827467400
6296031958123833553
8061246801238107177
5583786785780102538
2531927235688791721
2223068211436768085
13926819528206136597
568474277505163881
9616116425586612858
15787800502340282895
3170797626573537413
13467936615197454075
1094305718788166472
5828011634703263569
3152706230224527508
2468378532745341120
1883162983066668741
7701684471260363184
7464554072793135541
314993800064552200
8437098972590779056
11016520732047088956
9728453016151757710
4282803190129427767
2432042625554821628
5666119473362841261
13952016716787066411
3966965143452107026
15814709469220985188
1893576080066570088
7608738063449520366
12313369245789995091
5538310733720342023
4106925428349028999
2036521129059596984
15392101346016408909
11158053514215802646
2918557116039743055
7347382292627939831
6471839352312985900
7383425778879601959
9396959016776130119
13417010276600949110
4404653066050021718
1470709624320740427
13378121982755029014
3292945253870340429
70193339555974682
45893286570806892
6746485779467753182
14983454135697240484
5374512289646250660
9474478788113846042
9754387156593843484
9698957750336255626
14169298389719432309
10129613003514358740
2370493117036558604
9372543724772926480
10289547097940177196
10368713236894773621
6006037285240605819
697100511530318892
12770263090233070562
4866991386210915101
682020232649909812
12451586788285045745
4836686717412124272
8118184681744088503
861656000054557943
1668549004034341160
1758989363893937000
1281049383154221261
6673416111794941662
14323135806850764143
8375047873691423190
1000357293918502555
11119288610143979885
5163066407168021126
1020174298739000281
12276546655823053510
3327075814732329095
14681920010833405650
13364803280772687959
6065287227644140074
10744958628617242860
3696831881600269876
4346341296100842072
10802464773581608606
3002337612626901540
9943350848322176625
14645194925170158349
2770043098056954479
14340153582050669545
15455651215124769871
14136399328535037556
710304572403135826
13168608742017709840
14642976571842683098
9806739079309418730
3767614554341408056
8684996817876543910
2703973085022172807
2104529364243481750
3113574170397017417
3705827641381992476
8122971019867396535
1380767012335664104
11442904553046235009
14186110461205078513
9377010542600819649
13110412392899506383
14615148572502240714
2257006095040853150
3201929171847584517
13612551853205943229
516466431183306497
2700970424186960295
13833844610071755288
15666266021265584887
10277344261751059542
15945580854216040814
5305370336640327652
166862386441275563
6879941835917865094
3646092256401193780
13986335461520627675
2112646770590805421
15928106786463919370
8707974766917388031
8604346286404606999
5588602609011593389
14194702216383288409
11567051313672780970
8075260118235936538
11390428383050429391
15279644588191806158
14251559933848584304
6938188424322124615
6002239932728176677
3126939642737208175
1360161933641123631
15640732717087660002
5440344561058673776
10673878281417608166
8244442460209300833
7954588702573441962
6189905090752570348
14910315618946066637
11671050253737103471
353632790840037570
6772213523240048465
2292787370803269744
68971254045446282
12248844625836075861
9099641843094927726
455616248480102562
11456663139588638951
5302790037665359238
9408691925105160505
11559369184545162369
1845836780254217222
12080548583551842871
4529822756064200918
10685018513910246337
11813499640560321407
13370806925801175488
11422220623833866882
3655635431892791165
11902470357799456517
3997967863365216903
12321038491448668785
13444425502467965769
4645251054249602862
5741414032879756183
13306141391074158225
5194125479829933620
11567812209079393201
14994461329146587465
3312145089432336315
14308542482323214072
8625793356334407533
2235971135671249963
679523253583502390
12934735903423764046
9003182969768143251
4157667692824623477
12314605175566567767
7137223813003558417
1251291991974854612
7143697986264885672
15594975442362312858
11237522387867627598
6076718751084091863
693105806426279794
6432310091948815705
11709047500391383953
7306318173145170121
981392189144475952
9495692967977962194
1701917111610702758
2828008092976707760
11226718708800863120
419044535119006156
3253263112424050754
3478923423934975801
6277106881732741603
77918648039848107
15715340132652239661
14588835261348819103
15128881871765165003
12991128257040358412
11820761795925891724
10723553594427266099
15749694013602575270
10994541838617356499
10589024546634869004
4662667615175343430
10124765570705637865
6392102757698331045
15778935455906397357
11943360966274735684
15410437524986757326
14953984157507514342
11823544491559743741
12059990704575082714
6901150684698465251
15636210719080617452
15511759965729293733
9742177786245824881
14375581503077247936
12134537457058409354
2687318082427705392
3819366866274435681
15821920274170880726
9205004085331042346
13403594165981193470
14634013800582053181
11795780375173255282
7735901973433959157
12682680237408078371
2075960090834006775
2703781938462160621
7203456345055315867
7869806339269194988
13894850678623564745
5555769378180567784
6010407105514414553
2111262140353564669
6929532387234581137
11482692893048689907
15777943947314256926
7515889482620012170
2468790778571944292
5871080477663658027
765426103939479955
11109477658136430884
11445402147905183731
820989982499487640
3146226131755463603
13585377799637261598
9163481534467500631
8840485029054916255
8722887717392661716
5686314590750207034
12724203919537751523
2491049957054942558
12852891827607803237
11247104758757475742
11977795527997337962
11293524996563526985
11008913707576566031
13924607737981491496
14803342154465411521
2499003533307726846
8153535083345842611
11979804800402562839
3236538584619705676
7549800540984058820
6179441317230361840
9455078169203801415
11637426852827958667
7151319620634409982
711738232496476655
676894594240256697
3287980651826532200
12236196179149488482
14501607095103972452
12364383205857776702
12367415952326290164
9115691115250049462
14555485580430877707
8518637644526256953
6107681785462967902
10320467828971713996
7838098185827715405
841355407118491643
7521876188129569990
12453055576704332487
7915988305011238869
8807692111211640176
7299609396713565895
13569092443826526093
5803049520159287128
7098064517155111672
15651272680074487569
15076526224324334402
15461392891345251269
6188177335362024619
6281999617462435215
11387905500365434255
15965086005509573166
14619911345258792824
10642649019070377747
9672442855031459257
14215848005111302241
3125541063915379450
10876362181164032778
8341247217808623535
8575675648125548266
2867218162012254117
12867647326742793449
1888999836985691919
2482689582191904346
15587863341597360358
6358509855230042382
13765365033694371530
12062555419449204234
8504384922203360435
14188141422744013666
6055053054617312567
10400857305405550507
2503483165492231890
3393740137057673451
3756637343159686677
11091883267806627719
11620084572322108078
1286221242287047276
554387642170518947
11740093622258148619
1904206065276481343
15680378216004025981
4096522924678472524
8558642616817123589
528608492624407313
3434386863419566648
7911187981541822043
8142147797337726016
11879287496778695277
13771570748232185467
4146134618682375704
9014038803099275736
7119714616777705185
6182770876401139070
14876120320854292411
168618105949690340
15217217126378606635
1153035981063119649
3421786601003643917
6533135715345814858
15341028777654919067
3575590198455870899
7396325934757390455
8819244682055093359
6599361001852246155
13600346189172530645
15525038928851669508
10330996634122585435
9668036345678937930
12060955417912263598
1602604465676562225
4857399174340518384
15857323362327766468
15647755148818493196
12195925401968743367
13911142322713538196
74097966652429978
2132054662630082738
15284422454088571634
12022943290066095155
14976482077776785492
5716175306356806707
2687018021982778615
1501756378719335301
1692989110622272671
11669986591282427724
9630984266087991590
14713490463779436909
9955310158165497551
1801497436945368778
2794179547322724697
3753843617379651483
2823950798055761328
7744165280590559716
6655449298273004031
8836573880534457921
12045010291479387760
4236104806792481328
2733060215288122862
15706656191459737986
15379034067897083479
6696849812508139880
14485991634606500574
12825568491604488921
5832202646679264587
3330654089910686097
2935733567625878590
7438451330281217617
2196472437646409997
9554761509025286172
3962316043260705313
7088228881547039421
5667525186619509896
2020113824402696063
9330192166554573605
14947231046632618707
5428738608623432526
392344771374318176
4406232092526798979
10885385964537796099
12404236946938756717
573502250171120744
574135081545113624
10689292440134223601
9691725258379880659
7459421034934257250
6678934806356332921
10624043432498268985
5792705724588044527
4751646244109734509
8391828363145370932
3225584956760745843
14161477828030470612
7641906027983988653
269322493394242540
1809674555143525509
7213714020195106193
4311289445740483146
9793305800580364729
15743454808181935388
12832838433154467072
1495286884548608614
4670828397549643679
13497140925699453051
12179486198810660126
8978624034752888240
9984615225342784470
13576644787871465510
4177744331352486133
5913509594529445663
11167471085556567919
457216288861612601
5097585747921216659
2062557786877498857
11285167900028793896
10757261213407661981
13647775885216790982
11290546810608377942
13725886903463494242
840173859156263152
1361531607464429009
7073398521721776092
564289074797083700
4009851495386741932
10765174663990014556
6852473250073306075
2164134172902943481
11380453404429001417
9131228711425642663
1650063624245346050
9971067981633931676
4412290224327006738
10073267760078421099
9143144076313938336
4227554270188258982
579776026988887241
5617820012433863402
14107237887476068583
1927224153939466169
9021430652030178729
8293030608029431094
2204114170135870885
11257834970064212514
9513625947464905363
10829173123826364851
3408460417009390270
5474487718086034190
14356351420885140288
9605337012663540034
5813378127012408010
2020046594597303855
12509557774338254019
8520920333065015187
2931915282552937266
8159267234266696844
3270075646756005783
3250861373095938964
5859218901253731244
4984833527973306258
11437390184119741366
6092627113862477517
1789136885017986067
3675470624974648102
9692197809348386281
2999722744926801372
8254867513796908394
9571813684142789054
7133555603134198201
2708765110432853684
14897393582091873506
14074168982556206436
8570408765823517118
5306265531658241437
7727828766436011010
10232967447296872241
9980572841752906247
11928515627085132658
6794657990688562166
84060746243354405
14901307609546826931
14688640963770399767
7436827305935489941
50957435783112162
2702124671180500442
9519212332852809007
7046178727470270140
11136391914376252263
10382731246602875188
6092686645502634497
7389305493886563792
7959967176052295535
15371162023736056320
779931662149130103
15295577910675956629
1259858534160225642
4577901029088844265
9976615345762408382
12689085981994962566
3139674697255038406
4813850571327095622
705165920606315914
7111729092358976695
893272259348295401
8850478978059293486
14643269562060806415
13915229430954706077
2880074958019268499
11913922252536075243
2400913168252471242
4903007299349387035
10725158003063672496
13233913409528537443
10109264053107417024
2116739971894043730
13866639351454304588
15440249813001773461
14914555970837800716
12887035381656076148
5458640193982776921
6255438059366939513
13357115780479539027
1592093882456283187
12714132240086463801
8962558208249811448
14418978139372597714
2372890588364252367
13148528834628735881
5244868795007428791
9283104118929798793
2241575073483363596
9969157177031013977
10255301473074747259
4319672710091830273
2648727916845035935
12345737955774561592
3618350092387660175
15159192225899017321
6229697287145738821
15328777911575687112
4692328563478843606
7081864542557404777
2923399243170414022
15576494986765307186
5393037845530665381
607666180333505910
2287863706262635508
12016375737601837604
9353072582059982304
2984179404453283171
2245651830633144647
3786894449916795677
2183066592242711651
15552723365067906152
5783608354295307228
6056224366080464041
4333095855162862508
16006954689734118877
195865563636698369
14488320714603276419
4172694057502201182
9933503981157556122
640141482342587331
9882274434368262892
2886562710722289796
3224246686426288031
6478390713420908967
721360264157457274
12894867808624324730
594014249153284121
10347271946437292566
12576818968618286944
6744264856059321606
8039601533145475772
8845790965690396813
4834457944443410768
14746488210607647848
8224064442143885155
1118191746502066650
5231554914442182010
2823742383623122472
10972371264794190073
9742376266113074868
7387949402953888803
2186794915279829784
8019749819167619490
13296167287604299367
11530719210191467281
9294888632658005458
14543796216459250763
3759451797389090287
14700619361167689634
2326229921576022514
15842820959735291747
1314817459258809546
1815722934753274823
5724886782922540997
9703565767656368821
13805478940000763297
2805355941566517954
10421317709470185912
9201000473387562682
742829120280857862
10311438883796682469
6421647059602485385
2035272804149501954
2060246291645485963
6540932492207639587
261340841548719502
6786698491317592411
14788630242808577128
7800594608796868711
378285831087842518
4398141740073680270
4187972417707281662
9096844396138306175
12564712271194169489
3237838768500357293
12279525591001129587
13855396446567159824
8619949071994771158
9710753584705741819
2623614990021781293
8690148695404872824
5186841591356627584
9419616633102835032
7446160522066968067
13046195297067772530
9121460500390585362
14935804643302076021
8885877515791967178
12010513107143576581
7313767369512656886
12518272203479229757
12598750816151216695
14558933250678350666
1857408725083095488
11861248791673855671
14111093523466101472
11718088861468794926
4954250129923473123
11078733745287200224
2462761448901511899
10678100577021414473
13437964663190371571
2499792807336374980
7514678480114782934
27169398813786531
6648164318702685080
999778592286095660
14258267837680957584
1264147957166925950
5675215422506991833
4094660655502267419
8741141487692132698
15560777285456852769
3778612737542103432
9827129322042036211
14300526975583835596
10779459223346520348
1995391217568139632
9691395444832355248
5761625516031820589
2931959838588878580
13535627595093075802
10402903300400174946
7636487944904666119
11263333691900852108
932565224476307602
15442824744124612838
14959903990910861984
6005656102906296686
15194271990365702578
347348406099426448
8841784623436935752
1561010866580938456
9606671666287841013
12307578417422419803
7149344639659885613
10774354749415501368
10454991470987716764
9199038986868228639
11898526399643043172
2712008355662034809
3190848476609755620
2063547906247683209
7256619213787468967
11238140079668896107
2419065328084364424
3781092158977344096
2897924676835773900
10662574814728751002
5305668796777920291
4784129847580386188
4359249665177924692
12921992363022775047
13541918035482558416
11715243026144078390
8817027610556549062
5937574368925825519
847746732646790436
8226555365626533022
15417198079592958263
15873831391756244392
15450761514136363036
4908130246208864370
7445746418251705566
3247929024548543618
15954212772855607702
12151147715237795430
4246311966417881345
14794211957872303373
8130716943468086543
10652354297859617233
12553697294437290593
9876371389274443105
13334689112883274816
1679011131154403820
13279557797693138015
10753357936143561974
6792263147369809507
6347793149972273475
3981257371766551150
9600149225047670675
12386027926400608098
9314946520318747250
4299499621164100141
4413512361567674056
8911907734787636797
14970371934698402887
14964049081076387640
10095888471993264753
12169462004152582837
4785971118406356441
11602165705734365204
9430702924877251743
2160747213044441319
6805657616598081622
11778407656430057277
6418053964235182063
619292155458133975
10112575183818570879
1894003312073057345
15323895788884336342
1672077966570966952
9523037934633524308
15375710480118134433
561892348751284309
9765977950170161320
12555575859668338067
3367593033181310464
6558995546669061994
1774367147977768010
10094125976403788721
14310978724739732336
8947008324939655339
14347244887099968280
12051228622995418866
10692474368973323136
13186184112461998605
835538963261718388
6054058263600237711
8476753625631792158
1664681520508280680
8873129466570203178
11510428273660082396
1798249720334012212
247347874745096366
10345735595884862062
14881012042656975577
1127774776617045865
5835729265114117598
6468262091553288929
9270471116711935794
1033440510376339482
15774054058248882263
2533111797171598382
6483300397790914542
9423376382144449854
2266263494376310286
9118466990972435324
7302093610609976432
14531250281877281002
8357760538236779876
7013641580237011487
15997520016725171410
4889527574705904337
10705920400016397483
3754833790277150109
12717596571872761647
5206993883122372552
3701662958982789530
8801117131814806646
11700332113540667751
11183484141347771230
174547431834377424
11444716250937321308
6295739346136235501
2296172937365983102
12523391464151264790
6162816980583790878
10988118833613109164
1103597933713075849
5524080535455065030
9552630353542423366
6343998012124643319
5432321721593791775
537452943114876895
12429224506435759064
11951732815514247408
5399686127260811137
3022034023410632343
9710827438545360272
11192330129569175126
2508325860463799385
13621634860425469455
11486283111689474809
4934579646230449221
14818425995553043495
487641443081944442
12941099242545447864
3156659999895066788
11113969117864248698
4638059700629285736
12896476934914453908
4006123107108456424
5706636637963803841
5954828679819412681
10225104018645418182
11449932288068945564
538177192184268189
52894818554352673
2239067321216770166
8062579666764493964
5700898861025947170
3767936211348945429
14339090950665436176
15204826945959938660
9911793129844366343
2247503328152672451
10604336587237953681
3648218725615912310
6971939645874220307
12289250785075355685
2495231748515494570
8333950383262085629
3320181971814748662
13476201444377973766
9711991103752071292
6448368532345307714
3391179325580427540
3170730694342974860
12757011377246165975
14087370356310164298
8735821093967937235
12135970867057805002
7122230915009753501
204569844956023461
8892406755940468986
2332832986209994289
6782172855465456656
15199838201010750913
8034655565310828548
828220283139371248
8905421917722172234
15356856753854266757
6415296080643563017
8855939993995524156
1724085853709960302
5032573504358929111
14650344119392546016
3528361682558860697
5937919014282735676
8553854097797101441
8228387501406088363
619065674369144333
4137674656634185270
9139709722433417766
6664941231917904001
3814788569804502818
12564950331320012404
5961194796236883297
9247199353216032489
7688345072551045803
6647520455445631652
5457299608960937480
1606393726608458252
4089277327583104965
8604368681295942534
15496488483788891430
12545721215992456146
9653722803659384162
3565891269329510896
5045619292848984785
9257367264885255328
14296418287743374658
1710540037713239377
14115395059257244196
5431299694553904124
1507799067453179085
10548373725302583059
12921002320307723492
12832554105994700707
12879240155375780832
15362868372100136077
11158383827782073605
7616214165869254474
15848803948893259060
8000078027606601885
15224519135322011839
11451337504344592241
6525086315003191132
7815074500715224556
3944978609283147534
13213329037400544178
6799505085927282682
9732045547666322543
10819391085358612096
7879428997237905602
8279321272211913831
11645803080944810505
12298647652408007468
13486652163996657258
1127187770346298404
3367128534287273667
14320151140715443240
13241952418872974681
14850962742080337362
15443659419189041698
6706647821505952530
912704646073020263
15601400098802307316
8716785826417984695
13024833701200616132
12996154159884792816
10979567186957861105
7330638893434483920
876244224547551190
12020233244048783909
5296016784816008050
4176441679165212190
2343991015130253538
3260143223771201309
4774204920163825335
663105944498432046
8562395178602989588
14900917772590402955
8483793991160107617
15966162802152121833
2214947376961944801
12509081759710513477
5531352257863412873
9580873612667541919
12918541052914351508
9458869274769410928
6386640494409853372
6685964386976606045
13848858953681412302
13664286403263450130
4018210027776009103
6367679337299288345
13546872762858788935
7781002243999604228
363180367460524096
3056910589432875557
12530731566665999893
281943480830049623
2300102571106356626
7952121188239728610
10835546611665482555
1268411918977570845
15290235631794692192
4703743791414097217
10029695330473259799
5447018366022567999
11253246349963625246
14706733908463404821
11209563573869929486
3797153961526727378
6239865068720639016
10314906276713846073
12583734486295167746
112245149512759012
15833583758784847485
6988477277598264533
2369728612817790682
14331807076538064268
9159318607955797066
13402725623109057334
9462871822440460528
10042222209938209692
3983435739000655695
2719917914225989588
12464713752746120635
5066378572797542115
11898471875139032431
1395542523075087342
11985898379360137120
10306363429172029652
5369014371683986446
4632239324654230327
2331357304091704635
10321909781048394445
15185354378507305819
1631628909535785131
2838468170143516201
3575749337599049427
15299027213003506407
9194334710901972933
11752328312504045289
15600889445690901416
2917144371579470393
13820330648773117077
10665648230139544986
9294255415129024725
6846225495275163482
13429152012784535852
10771650399274704099
9992901578015589363
9312065104310388474
983998251236476527
13844770150742943213
9974425263106141235
3483428885690385198
7650204016219464240
14264753983216328188
8960332082939306829
522863178818189605
10923300626739092687
5188190617266450938
5398782442000397279
13354488173226584677
5509007788108721130
10275574731549953066
12193609402347905351
13927978912062723382
6158962446051850409
13853335307720157597
3025873802245184834
12554315524722926965
14137291525738996304
232123745156768983
11136028639783259275
4686485742836275426
12738621871412474077
1828560841763640334
7823567116754220163
1154232794492095511
2249333676408966015
2385952338058146270
10495885783979330466
12404717159232620124
15685023206258732246
15746995921527319388
8689885657177189329
3227036512145651475
12935292594672855400
10639391668762114271
7406133379564961079
9815479364795093469
10221346963317273438
13410857018710962126
3706813065694624388
2473442200070903490
14204353476675052209
12125779087881231148
4333686254535880136
3972096643195449557
8743964532215986569
15106520941721212004
16005848135226971856
9330914435208958553
3660083962714318473
9151424412460437017
3032564851880117592
1905281676527198792
10367402656666055610
15676094711551117351
8860827604459311154
14525697883357048044
3418021953947621806
929756975248750614
11768811731169561514
10765591871890710831
8862821491992607737
11676678434778820801
12543286426742916091
7051011096135110772
5631876559699603143
11516934443670195611
1838018997486451076
4513149922561975041
7094536393611686520
10829049293607802706
11106803203319592136
8758103401073465277
12060583405040439019
10891321297974982463
11016830805275941550
9638212941600964941
13869783824987228860
5648201466766616605
11983635844125791681
10217164097421660069
9886457926799944073
7052457008119936358
6023869383936543384
2145948246787168579
14259306222203945756
233666097990071630
4294027279707536244
6159228643256075649
2222877185541381024
2676538333960686620
577462638880704175
15049875944802622202
1247946098815121062
12889349775203412737
9469769195788557573
7188611793568578806
13177900995428705458
1831254300237807458
6704316817618407237
11324228221831702798
2216144685906432236
6901654172120184197
12834365023750362525
1967582469403954310
7425111356024761263
13844679765542833345
2998649290607651143
12791690017295244773
5231164914719372149
1783008484651492688
13022293097217033428
2544425293523001245
13414054472376678662
699441485948140881
11454078387739336083
6606860486851297118
4029666362729574747
12819936688917171901
5294809688042102781
2016858045393195684
4471391542754718428
2820639203308739905
10852247928989257837
14386311913209570120
12428695547115138208
6915039042433905028
7184199818455737266
15335787889779334466
6240063632914842465
2434412452051471288
5674122129280882038
3734381270717224817
9719253406691780833
11416024966221387382
8815581446974187105
10109937905691394965
8902971766771486770
538766871876025347
3297365495687495797
788573243487754009
3422052925704164134
8927653764785001953
7142268735432355425
5731304786985373111
14711499450657019784
14665328476354617218
699130482138632820
533616145657437745
5266835009128850350
6397345534073613328
13622081875523295828
13233047626048836702
1864786771330250826
4469499374588896756
9559942905586680625
7009987755233327625
5708274346905007166
1991111566433151687
3400011655416798889
11685857978357423043
8959306498751539768
1418330327591229149
14744553868504814709
7023938069688830207
13869264753770802995
5660363572325439937
4237400335890085331
9666575937215432864
5358854744921013110
13347459625564160846
12817408913499460420
7890514980524970318
5962455894549126096
12199218282179402600
10980719948122802628
10387958191382013320
7022749318590103262
3433166493586460985
9265190785280055905
6239325712151176931
10731175373727139961
15885188870184246725
14113000903814376644
6468075284499169527
5313819431250519011
8963872391995638180
9227779429813284297
639420170453832879
1101346073416570321
11601039073450384069
2120807177307312459
12628511904394751084
14311988924529624267
215986868652476302
2202934970338382184
10313971607860593966
2857331982318847855
2614756735082754469
8026158407216681559
4778254767215855756
1481213770084931564
15275894612788445442
1299458676279200719
1175464812228110650
8398145167995486819
640586116010173441
15189807906086733898
4704460364760126267
9376490723046902576
2147893375518844483
1420437535466521368
12902627219015154724
10534219406678241276
3001254010243492048
10258380354419467812
11038054406251310491
5384053287397867483
982218026080050209
3229843753537468305
12939180515635342587
6382565097709467636
9827979344671665402
9089482121921799938
15700193713060673948
12458127346093044207
15503025696510643240
999071357919368147
8979607821699634450
14419283839957699896
11449135742056574538
9121880386775483204
6715999867569186600
3168843001169711461
4832683404977425604
13490572420182139770
14953336791608352530
1180516849247849994
12291506496729444683
4343249290278886111
5802080997198994306
6547931737003159306
12569988472823638094
13091706602766942948
2316486199492677027
6613711964309521319
12623356351903669637
2358134604401454839
499422731955860182
7610886834734828512
13766095640047827691
13984652592330817835
4879659703525961219
15581167982576486920
15564747321971634747
2810610483488230686
11576262936325281797
8126775087488279199
11011950987921898275
15176081239461375863
8356042425069557158
970525012297004727
5767051902615260336
14510255852825615481
15560793206955500817
635008828607252669
6895405428145891473
3385304610662058888
13654956634550078466
10858981119427577865
11274340443132887970
1281026312533752676
854710436083773029
7196596209242501234
4672217243892486073
4229710522427730679
7685407824015956541
13325451202801798374
11298004116910714545
6049573660049412934
7531577322234916094
4466080323679711373
4338919733982755165
5901553547445773992
14874250878206082147
4073304727903014014
6337526715533404773
10119440101623051974
7535417226774930274
15705603066860934903
9129702610861203826
2789706935778929236
4836604664618092563
770178065808763455
6063346737392357781
6711556670536667370
12332077249965042932
10777383047886186527
9624159766816766889
3429126157751481077
3856482094937638406
4944658685154108515
373597051401046030
3820408993900143757
12216153337982026421
3983055562014615762
14117970435150154516
5116001324440291472
10282041969547771084
1511869044048695141
1336254556058606554
3835647649885462218
12219899976583420211
227916599718895267
13420776030763057965
5022026162457237516
9253362810593031538
3238054883421569664
1080082763931579288
1135975882202525236
2517449516111418838
11648851840082182197
11616933558317376979
540445520792674806
2341896542398141806
2619221462367225160
12172083593331166129
14448225694629099001
6874943979106331380
8342013270572531330
13688315146282965367
7201108307010910263
13256092910015607152
15763794416017266801
8975570281839222036
9823554192846888709
12206103391855325710
7254612558046214289
2554274523344454257
5453955209457671003
6385117549103897463
14615808817399250927
399448307392239404
10956800707635126538
10900717075109776341
5932353364214236574
14683966976355248070
6169907085258947977
7421128385704927653
5688415785993466571
8774707143542447196
3503489730265675430
1475318943214663470
5824902807701311993
9263037878044336229
11564989859796223826
1210741393427380775
4021071943358562842
13714324692348012524
15211082841913740369
12667649956792880843
9421823537587757685
14873572838162678669
9391482060263754769
11727108079018986916
13981485535300528528
13148766155664232699
14854076438858886938
3624454897943073903
12011578068530780039
14213112258000588814
11293882306096110250
12921555483059191609
217538473080911049
11302529072632319530
11861097398049959292
3919161789407547763
9809962890164492171
15290394886272083581
11876981691741022734
9234705675318197803
12919335741004846012
11267881844740662351
8104574703092663618
6531813833064785631
10225118677717135610
13766522706929613502
6192134938013439667
829893190593508456
1688819455638437136
11651264574775429855
12698529393625754989
6411743592850190678
10015528465977854493
7493738916921298097
13187098312508802670
3795029387916545655
11324119622835004651
2142987793746408440
7526184900832264884
6021263274839366714
9945089678607207822
6166975532174455780
12819596315598776312
9185977421753510999
5591617981051610314
12517441788142051039
4205926709328799582
14714234721657331077
3585207923163568202
8117269188077018633
3182409465968225792
8207237299514712631
607646008804022316
13740143046315472495
6060730976057078338
5185635418334477209
2246794911358765479
10829260888591503838
7077159548927456919
3698063836842146144
13598545590584761516
15958855687141517867
6130679215484379158
119485334213342120
8929454692704820022
14450305121447329593
1450980659516384707
1112925518264973000
13053936046203303423
9393408478206794213
10837890933877193157
1480324981422500182
9577331812833304313
14485049810543199753
896735842537564094
9202443820310088556
12561377932792074713
675445049389707589
12605425263594391445
6447387593187381091
14413417774792665110
9948538231280786577
2600412086971701070
7219697750104676037
10944254893811254433
14854041190433515493
2250530138675945786
3613604508516444062
11136540461919528062
14290551946450960787
4705041420510137571
6253612213173477294
7717132506024927219
1473489158095861442
9475994020419974716
14868472543257667528
8231991514665914709
10496011929708383786
2667957841518170741
3784498351505033287
14146057416421595279
12191354881579741131
165400252403585880
8442539438938327015
6972786146832005553
9754266499233764770
15635986015508800624
9777085291091048699
4682403770695128443
131237318633262627
13390386437293662911
14491571806714071267
4730050995820447191
2181782976289341373
5509259106164535340
15504000990794974453
14817193685775441855
246320745365775799
6113721924599269802
8589951715328404516
4372547359188514584
4132325950485700067
14549297105454094540
1036817318718573842
5930559436021594836
994393776104502558
11831770140060056987
3296423275923212583
9877404061202354554
319348433653605117
328120184854659292
971763112315903420
8579911201099991514
15591281728953904121
10595666618168433719
1544420446428495114
3177613712788611921
5407906616935005218
9201641979759589592
7343708922690843522
2602484299303452006
912291779428900594
3803876909856777322
8480750226627001636
9449145224281761323
14366661556293560701
12128003943110664227
642266838769821686
15335224726148955801
3224335907427093206
8708065595611406531
13814135381918354062
3076405931634179977
9308527369074575513
8445684232344702015
6763179197861019138
7239324237889146332
12529689764004504000
11625041630223797230
940218380465457453
2935751467548358195
2222978036252480526
9554978060230660351
3979798309871057170
12544200591401106625
14251692158529169452
10246070456912928568
3860365678009494844
10437940485662816389
613208986686684134
6353854903160513589
10638065986958333055
10556628679307271132
6304721313140712627
2633095993313432706
8718875092323989558
2613601117965644682
4588804179877603463
2339970229158120694
11085432641211572437
11612246235374869192
933339803822589655
2818149094159802202
1466832036187423006
5955431694140789907
10909462918146616096
6024725872233007528
3844531188880987300
13966722310043271591
574150199083509117
6163616151178067169
13555884807467076850
5014459245768351291
14406908975551287337
4536416737210288448
15197125930196676567
5931708087341519975
11796132847588405822
15049467710494793456
4870337394375390715
9444437155512876593
3836198165880778305
5248163306469474890
11024371654446539727
12453635617000221037
15502245668815752622
12870316619233533901
13963258674567987043
11795663732643761548
7102052945877139639
5604715984302206709
59429555766227902
9295084150441911294
10296837096880700754
11126707099122487467
7820495591416073511
15719976030708826980
9825316311746044395
13457772010865888783
12499782944813670065
12286633698173658159
5585569422179279342
8021643531765284215
10692420242351491930
8923293477305001102
3369701673927315858
2799548208547113741
6103190216247482381
1840313104728705859
13024228466207870033
15456630368471598258
15438798690178453320
2026409814352210377
9579614671166428848
9816910764797983875
5046961432136935125
11468443197840645269
7830835304529997051
6644939270575573258
14464587264594587215
7493644565978154649
5308724769716697357
13451862049215306784
13760607611561280676
3303526586274795572
6455384479017681032
5201892798209303177
184250374784823172
12824404644330849858
8727173385837146007
9941913194237418405
13944641778396057771
871486727186711199
761417470503856468
14308080726142793403
1885722906524702617
10232521219386361410
14051862760100339227
8097190399284682040
13323220489597636917
1205076720139471133
8916804878236460213
6023118178544942707
15896949123056368968
2287732595377098819
10958684452318168812
4687294728204819040
8716192231944818550
10041483884545549628
6918226754468404282
7168486157311052774
1012233087516655419
15250974204974180161
57279346545639453
14801604509159697878
14405945309798570784
320656310701662812
13178775893809059139
4897081503267415217
252915928000144600
3180938740557745232
5446822125430571711
6829983926811078582
6548072349550871651
6114788511292687692
3653578582322136019
11547029334264629074
3405139535427331901
14209073699578344272
1168825306169883565
11874911160636192207
13889877512447948085
6758582518415540278
3611983300987347959
10440020701707046903
15697672344502108455
3573919101008235152
11608497976409643682
9141106723585789863
10282640160090940878
7242423289007538533
2398602508147039077
6754683636726710943
13051439787458695604
1488752203315695550
8081994364044453675
634191750248013786
6466308467943580996
177808658692957142
10421399203094946452
6708728157836657593
5792405834945257008
14054562891922986466
14481233060793324002
10690936791441708973
11377694440892839421
2429533510090478640
10695153944713675886
3306554476340248050
12370223320208311640
15795066909612798020
7484894287080596073
5354562812094341309
2294514058371565797
3542453520566021690
12779150532379101968
1155620638715160457
10269316393813833538
15321467057007541375
14439997346609167339
5676113484262304129
13533735753323720909
10728060540793159156
3698194584646184114
5959299781829289095
3032259322539033370
10546196507629677057
11575701753843621756
12886259783282333010
10652773372681094923
12191950937181913686
11544567048954671978
6016937189264695737
3609328193463997186
14111112967875357383
5379191009388805129
7272533206396974906
10107968800322784828
9432816247724496584
2979191998087068439
4864167023617207400
577720837563803435
15773081439587391594
11671514791013061000
10205652083944552067
206180415920538903
6763345761506984101
674879670809832960
11007258906142003848
5339743168706610869
12149571310509090511
8616069221083382450
3686123075128929972
13607359809902724388
5006510982188495367
3710863656855413641
14304559383611341479
9502269388036900480
9366447004119702778
13383462444812072459
15360108584246305161
13906272668981529202
12218805575890124711
8538714611139530542
1297820628506063828
11821058418816228043
12262016363253093761
6745097271341078351
5461602121081700066
12013390181082056132
10488400413388200651
8354806302664658457
502442137515275681
15072560733964286934
13187019958320791716
14081633761024436801
8284611602298284288
2783467220894948658
11600563987558022736
989059964622805327
7813351685309872040
8055180359026883368
14618672396419263246
10095468059052741154
10097895358264344680
9943670533889605548
437102833037387501
439852151742322459
8665222670330308886
13345243468485647881
4678032918614518564
4226748915957676595
14672095825590222452
15744410774446174596
620262879306253201
1907574589424502803
5205294202919425401
1814351218442766557
14882568620306306439
2308040462977434657
2390089131289664470
8914780676770139703
12038153767419559455
13438658357560537430
5319908977023966748
4292574710788918550
7639901323068186065
10639972607530541801
9787664337925406447
6885710354634883830
2413304064969271408
14353472908043539679
12572327843553831677
10118656918986022804
5141169967490244560
15510998378376499712
11455159519521179411
11004293430002821244
2296417088873625219
10798143597876782123
5600121967089018918
8326265911760252778
12775221771577434799
5750768145107930594
527757530956708891
14013924032355798410
14589759797937848403
12596173406601690565
3519500365991856173
10236276494687398492
18065780246537724
12862450235197024639
607121458013238754
15071226909996006217
5818457351051475818
7603393830531771299
150585627118174060
10094162567738825269
10765821387439320592
3961513971643082412
3731077171549536165
12942447419814000499
12682818197143864874
6362291754415418029
1674505820319865822
9077548006620175628
8083043242011898915
3161665515743393358
12942923576786104386
14907728164921856404
12021528297977469498
8162882771110201442
15945959730129185780
984191187101037395
14504125114015556068
6816897609620642592
8062817053647561335
14457184357457292659
15260312271856026627
15079935305135658765
8383566300824141508
8538064942613460178
15751460113640290218
13600632242459218994
6469059789777662927
1576698545737457544
7967485671645561528
8055766345801789439
10805718936921773336
8647527970349573974
3365511493400877916
9305260726787923380
164944227020508451
8387046367597674392
6176430654088409450
13596922849206683382
878503810308205968
14286432314988090617
13399876378605746987
12511990711428951947
4991534817096060779
4259326897040552350
12191174921583037676
9509727144240639993
11278149404275565514
14962287907181731870
9673437770164682543
12667614538283078211
8121108718130411981
2007985681315152151
3475638755740065187
15008356535469814425
14763843445350610130
5500490131949006327
4727927405456700988
5042566386553849775
2809036031996031234
10266597320792315626
115450136783027483
3848486707180655741
13136353537161680112
11836337653757607827
833956890256457150
6801047244667762161
14343941144307399044
14719268836316322666
14762803179719497619
12962135396625815777
6855893490276494457
15291905508898902872
13590802918649367282
6779329866698810902
1222295937698482212
8760536880117299527
9407496687375050999
10960039557120955878
15255385543993339362
4844389663438503321
8449576151312763741
9871661746737913435
2303252128609088836
5730794489874536047
1956064149018276826
3088298384953012073
8990295457874262441
10315812528622322538
7915182146861828517
6490446991463514746
15320461625132605497
12019815405372402166
7899991536805163280
14474712016770825380
9339351204223792489
6635060508240497882
2869623639820438989
10433160163912734507
11905935766724992356
15233538640692251800
8322255866301217298
7018875003182319340
10751329245659414011
6535853927766696390
14144650890707171933
12623515194484592718
13839142669952765779
7333915615623498059
10067446735645866437
2872106110564537512
1949096582895774630
4057219658074890917
10902865398882315562
6365746027174163274
3984735492257802951
7851284781981977113
13392191706872443810
11481837259332159777
3600996023995984029
11543883412904486201
13257864502756193978
3818877111990674989
7441103811374989175
12667818826748050853
11462947361853168704
1326462539510728223
9016924311349082206
9110529459638479094
3394298693623474593
5335927799105287571
11285677139668678356
465923232245952499
12550563421955502220
8422613889566148310
14926635743067814883
352501424052772958
13615213238684988644
6602593844575042048
5182518781426268319
6930158001874452699
12366750757704133421
7658693941455500877
11222447278622715074
13040579160634391111
2766184449657958850
15254696907808235382
5356242520007467621
740997169806791118
15703330389789607221
10183513139738300064
8964967971817538634
4623688009351321062
14301981357177194609
7497158961132842492
2972560319885167097
5482307936425035688
10297335077134975463
3144546418812721783
11602065252281105659
8497651683849010669
10784795942491773873
12719584154259629015
9636191678899198495
14307472214606240294
13978895651284637692
14222183381594771533
9362483292070759279
2882077195710344656
14134577642719395727
7798264671036279996
957159134397185752
14011584303159832407
9648203927912810777
11526579731469239461
4932867430626895162
10626755014278427901
13664508754735253513
6097353605839612839
45849448169995007
5737648775783499068
10840983436644170985
12534342622972568644
7680167813440989058
15719018578848291869
2733666324853639771
9186984921713812118
8134568184072988288
1790805307002452399
13000033427477690658
15804669425556705725
14099792816583430584
12996282349692325047
7273577567484880247
12155404166196244197
1345571328501049888
8638681130611844739
2302443260202531245
3286207896797614282
10215448430441329955
379240103824085876
13166125337146655987
13953626870003746220
4628072494627957890
8851466442337370728
2812239550457230475
8274644463821868963
13056287782784104766
8267310323915361119
5098829886599892298
6520480001446916176
15272226962503558213
14180576273354953055
9569900668384838629
11992932883768943391
7818364790651545643
11105832467896629597
1036000328696573485
12117548119656477220
9138521250283384881
10106405795308773682
6455276630619543780
13647557334845243211
7904857917841057524
13738641999087231067
7582130287501318199
3311606283518774235
10014497597778432970
7197649461170024593
333096288151956181
4091994029083505732
6342664321575225684
12862454545805802987
13908868121507729437
1774824262694701576
8183325893094868531
4603666166633067209
5181940633515230786
15240996351926060665
760407384282371090
4826902087460709588
3061198140157385332
7448774724880966576
9916711985320746846
15007342425886511008
8696094462903971563
10246090774234713893
6963553965023228637
10807166757861432001
8337113040968009465
3044113851778497461
6483203380463624561
6631990121540672532
5774653517305618620
6564931097411843193
181601057669795481
2394032693543953978
14686249880020411817
13342205109727641683
13818016666304519121
2754993427597768486
6796357189519382500
2095812234343173665
6848306255819052836
5966952211669824326
4868496091260650483
306533256402669232
13785790161927081205
4072791509024140663
13371940564945368350
15878519689436620826
10727354026319307450
5968742966765553991
5087148487152105307
11410855748588039883
15998249869249276281
15255640023095432352
3455191426050353016
3436263273029023403
7607344047630189119
85913191347480073
14671794435694008019
9344645759568295412
10940851055487540113
14631484564498929199
105692432729147660
6866332268472439960
1277314121291187034
12845807676840265178
13042234038252249941
13500071393894508348
7822320162506850225
12231515703643924933
15537089107916051685
5471066656581578814
13206601457214159962
4170165851658930161
5085508566649669863
9756144354278910337
12838528551344599219
5816751595608348947
1666549517803927875
8088540878238555337
6325024647303511747
2369225580413314882
7706574030779234801
5041190137798632024
4311780178079668289
896376027271176884
8698006461681403400
8748441951243769369
13210178620038391160
9378656671765872315
9994230544392453692
5093747764873614048
6741416914191229371
4550128075896739609
2998882440261335903
11536341271589469882
3525032889749940864
5963122507682320021
7122633485355024082
3124954454429626680
13176978277899152333
11231203427720392219
6812356018841518055
12953098253904525956
12029119100308008794
5152923281415963876
6284783557571755038
5629395456911191584
15241414421560780806
4806077648244158106
12594102058109878947
8419561044993313740
20654562663437244
1064602468110448752
1069761127588294362
14947564707921885531
12467737148411319775
2244732711318990591
5145722479910147228
2657840574469084344
866474676092851744
13339664516523093788
3777605396524365089
7625758034592709448
4182674407620894740
9978718383075601267
10349979204569690614
14740908672991732823
10895135047522460315
303546771577031011
13347957555871401111
7402846280369640664
5130782443391147792
12155135433692134577
1111816321168612250
12717433784159874323
15224105721285652223
3856391835062493707
10712690600263555289
11138026073097184365
9130689501841139864
8268588628810565478
6749257537070131231
12289294163825883025
12335666133341511655
2199542570868614599
8622656395628877770
3165732594268789139
5919397492704350610
10509473986030855658
5987915134102711116
9625746541772753129
15282136724788634715
12645384911825229670
15945043685522013361
14808660767103429320
10372300419374405166
4669829054380551843
1293326280270927891
9283738148935558150
4742473449618325162
7053414369076823927
11643033712678967291
11250153667049588633
5999471566826382314
6005378722455812129
10616284575123563144
10315599399125056473
4001569883495124988
10641650529673471540
5069747467166432500
15931797123762195798
7031076344694514813
7036983664005463988
11006513709013279361
9228099258833701055
2941252344380940050
7811527598785086218
7364951286325358195
3599895559682027220
1641231028141598608
317863465906044032
6498798021476175638
7631290669266975938
2247440944248637759
1941061600937799562
10017840026471185313
14590502336308208635
12427241733688494474
1114734163911022572
6369715597981882963
168542279263607503
3204035698967520488
14203851826689892635
501308559683853576
7770825370648833808
15588014794404889712
4937647842714504554
6709582033401571250
9909788123215099693
14550238731307427522
10085201927135217640
12718784008844626698
10826282534392960326
11808814891859245929
14828664466841187592
1518564944833209820
2125611838634947411
1531094231106553275
4506206647274716903
2807207184613714235
6771122811953829637
5198479163571358871
10920463511332264547
8603570408793168186
11525862150539397444
755505934388459718
10229189923183739925
4478513494388239363
11458901371428284048
10455375083480940363
6283131140379487664
11701887194059848302
9227913643347458972
3649856468165980199
14693817062622283687
6915480690961563642
2010969345091608530
5170803621971643295
5963813623544139262
3164221690495966512
6455875583262758602
2585783850876600283
1389453769275171294
2949296629344157860
9052123946346002686
3435143550265763556
14548531635714510983
1835951677097112151
15332091359560738136
15602682138438606136
4136096929060118204
10622728176100446154
4012275862122781120
9740581785711068138
355711579602484815
2622079240113538542
2486862642474515641
8068621559036484732
12400415780418918306
13276212220884707414
5724708182968023259
827148937543512639
15452659948206388246
711585917139214618
10809205112065119162
5172888346720528972
5390977586298709553
11282674193299940435
8371391582349693578
5775351282538358899
8630740248651124688
7055912947817313947
12343651354719963888
353393919259247279
9069395857605899414
6209251933884462662
1271617482497449650
6188906510285070847
3517839285860853857
9755655395278487868
11452222039539960367
10224479602391249670
407235136495935575
1785490945529849736
15003498766068014869
4557034180639174972
4071818545125294781
12201140919957136411
7353824375809662784
10061046712476266725
12919360852907923099
13551226070716890475
15442345306867300514
7233584994242877020
1155872711267518538
10021933806700384427
15162574697108320356
4429764585145426286
6235471934403550716
3431405429518243529
15301265138429770263
15827196972816761165
14442287280745486015
1708556248713862050
4640630755195305625
12791309273237685794
11740622209807241176
9910529053206690922
9913417725250384235
12210125424009981662
5094155665820204128
15008966049605908047
15629827980164073792
11984257540526845275
6696908900203351167
10042140967852009768
9880098405306812451
47192507346099900
13560039817779024743
15586975538051677793
12572598137017294181
24150992111913607
15020208069421663665
8045016806592361671
11126234703383543306
6687737028287500841
12490280516815957853
2847464082444600459
6962959225942977951
135667921077644332
10472926008773667488
9657949619031802911
2652010071073058046
12794485320381195786
1910026045109876258
28367678641004460
12856623560963482588
11302527430758735199
12212657281560569216
1799637045005910233
1832501226331877512
777890302888475089
501528383820444477
11372387255658418958
11317104314983764249
3982205997043499908
3317982761195296832
5277782634113334679
7414007481415013316
8707233020528650795
13385454205517441809
10149485599853499717
8238373234952436562
8737099310579625390
11581863798852687328
5356852383948752885
197901944268808438
9286658871338818889
13233683914643458229
13337558710508177727
1921195523122007262
7214844394391888269
5541722722924624817
5189369047625027747
3535307339947217039
15353407097220707496
5573975492093176322
12896368228691547939
11634450500939631141
14665047343024661800
4950278741083318298
2082906147762681669
6593610667544996589
8856468587496323141
4959986414262075630
8623612177423405641
13587152389974452422
15481801287839414932
2935100163005650314
15714101341865958045
6113986655926853164
9273443295425509130
6840158306193827410
9519145762542026319
13749000708313215417
15236855013198015271
5994360653188645797
15480134507708435030
12234305344813674645
14554918200745015760
13955744974489027968
15755810453649556323
2879153025660181350
10939469196107906758
6781426123388831905
13684965350499212584
11576886138004350369
12815698082167660703
6693986332763530602
11548447770237898674
2370184679789820715
15031393551282671709
12339134928709770416
9258731799516506760
13462593640374856453
14822523988495721249
11038543414115811516
5293744238062844820
14362541912997789185
11779958129733843294
9536984691489073274
9769743196586371485
5884325213535722690
170488285441592516
11384077165352332710
9605682502499943718
1523486496019822031
12888250518371177615
8225789951641265686
15066753843530867487
12598608604137015872
14722211545430361045
5405563528510115017
2495850854060799716
9079668407716571788
10253085986195251964
2449303817448406696
3395599524919889462
11175491281955746376
6453339754879585686
1537104278136699200
12691615668199407636
3063064084053975522
10022509551631046069
2704345001027853812
9935453679127829471
4907417348926021148
7134792284430231668
15395868910870173118
7868119808440752793
13509309618027648294
11968485819255234923
15032804161699977708
8876230795837304762
13571604755217083855
2720808667649343150
2725366238058897765
11578220519981987920
8237837674250447614
12975793660400032487
3217242526819951662
8506002125474634797
11791836183810992605
11281625494601969977
15141934525272153127
10357845338238516153
6406030929528572458
1354743887125756840
10980737934739594879
623731279703819439
14709952115865974234
4816401540109136692
11716671120590701898
13153806169156973301
7834929603995496794
6685435001234633901
4518742753428266409
9369657477353444322
4923986928013637945
10976085561801239126
1385961128451856137
1024735533013081475
2171316070612647629
6903116542390936379
5987447891885059571
162644975681500161
14385017671224317026
4313216210602687862
3907087729808798624
7858459002247552536
10984195501807338432
1626755637143205635
11090500286674281835
14061926846142386387
5272636431188049062
12670523296632942695
247812587505598075
10050345281969464184
7807437338625585526
14964660004037605920
4280880094919661334
14625662352962841914
6892015075669064327
4807803918731214081
9893154165775470415
2550034415063334437
12225085686679269957
7456349290093584790
3413065289133058839
11997002778789136560
3207577665120844349
6878263523348188458
7873630666616716332
3791452372260280390
10485918900530577645
10771586761894849838
10986354149340820170
14753518802854605029
12943400216372963511
3273217585760529756
4774096936281952961
502245394414499898
13792107872914098354
4937568992808497842
11144751701193423140
3195331310940798269
11011633501811829746
15145671163886369162
8524203247355720396
9556394466840662318
13579406658032126336
8149622098907002818
8907076103240609695
12576585556385266698
429716092756807109
13186095516807333959
136710189834438637
7120099595334586140
7504723319742517385
4669491091000748396
13789678086621988941
7736270148061886784
11724023955356611332
9555660654707825315
1610445308758594842
14462416372880175777
14329282544412627708
8375142238418051477
13471417826559094478
13604267061213613654
3703548476506489001
11539197426335268293
11931813254662974465
6319757153855947115
14627059072286351611
6120785192580118676
2630059323984401640
2118057655219936942
3876404738312594286
14283135056343928194
5916404579527132576
13377358151307362098
10871986884996072840
3054579565477776889
3787069978791425144
13331817431706563532
5156429452640239920
12805810653411315784
625385415684662074
5553670795438514027
9598203394047440469
13981414480675206917
14025539884325299365
11024368118793643320
3503723256547317737
9184990937568948689
5037964743531013850
15423579091406802042
12622196618161245567
971223401760302019
6053827508043659716
5845046764961165312
13848687118459070213
5218851116971877164
3450869922073525599
11738843896944264225
3889178872393805129
12679309178498854031
13802872850275229207
12733392054503728898
14106682059901910438
3256556990275353781
7816260058174669651
14834851063476452871
8309828095669973594
5454197667125596933
7604197017364554872
8513144604959548692
12620004753269758229
6082526223867437112
12485159882505059405
5879618454011048035
5839430950447720462
11906855211690144324
13216320983267008939
8211640546080588189
4966392424841628578
1724322933684157494
12142548989728558149
7280593439164308525
7938964604714223022
8310304864722576942
11925805985337542061
2599847703290789519
5261604485632128391
5297973037123714730
11891593677187004403
12024793746577843488
5618463259140953813
9610426812871473897
10662368453301679537
14002250523486978022
14869658102302243958
11682901071859247137
200429355776329375
1369863485605513801
13078531448952886959
12673959879013924540
7901730871631304134
8656036924556042682
4311105624458755171
1826289019332699105
14625712889219005088
3706179349997289827
9059505781087689389
9270758497884163896
4656942102276271391
2507816251345516636
3320368119512757293
4449129196368701145
13029053278160616050
9203499598376371520
5830217722651138964
7541483695723439739
13227830347872777731
12378011351901099234
1924737863088336707
12249862188126062309
14824100872541332713
8620459776767771835
465213352407688687
3880147653467536110
9168094002531760941
3685359553555785103
13771580274532669767
15697125005648066254
7834152578087157184
13818370988872256090
5374862495136446186
7596527155170382944
2859181127734622687
15663100612869578450
12729854159835724478
10653321860730861927
3966384736399167171
12519136264455280960
9292739184845373671
11328986470137095992
79418728469392864
13157562140510794507
8534828235787241625
5550110615468492494
2505417746385529892
11398605539207515632
7272552707793112952
11385318208712045982
8460138366541822656
988744522998208792
8399881730219295804
13543834978761709832
1419485334175616440
7636850179801037249
15374799402478850701
10536780629380685385
12284010346299060775
5763624481424203458
9119234788699572833
1457872191270974030
13840315927519713846
13266586276788203687
6729373861805738491
10669474909750249214
11043445578471159242
3408614603698010008
638143854481225495
15775884170724920792
14059610632342655926
8579123624224497272
8492097511858495004
8902191471228608507
14356513071863540263
8690927088200332173
474013306431535027
14231567572295932136
12355641124234987429
5747334996962263903
10134456980219446383
13854136596413335067
11270884761999842322
9283821046718393315
15428385787089085491
9338624437046144320
1792152165760639488
7074395794327417689
8948193279043499990
13526038292304924779
8672008766229316033
15862732461463686919
8493675590220281054
6761704828203363833
1595935943898974169
2755428178185560175
8262404794889453670
2904628504571191073
14033231176833321808
4026697902958021719
15212653690759584981
3352741692008583570
2899773260571212312
4850796461373450791
10813585010378716219
15211070915608845420
12352071582218052030
3665515326537147230
4149861651918241241
10665450563571540844
13210672129918968748
6626337768469841996
7124304936060602923
6183798146880264420
3925935841105109735
14501051007354515689
1543389393003931377
1592605198099942355
12855956395201501961
4506689095580529693
2786801219964936891
8339156451299927960
15037709482541323295
4845593540173160759
294153797608036507
6262223637000124230
9071799786842493239
3347992231865165014
4537657370198844733
2001207430546113333
4974086235374620558
3332433274054115270
13256018005953677931
11974630979917082069
8298477071795657401
12602773082963913582
10499549625853392365
12722637221232296307
7600338934036820467
12149772733630185310
524218049114513105
7843411400111310218
15473146265011794245
4454510416380452196
14262794772602649389
10279555328547174298
4001614580733269167
9629299097813331986
11165110650907990030
13882943656612279932
10405550107829868319
8272812429626836141
11385271873495000041
422448420474954574
9788511529629332190
3654970504895286541
13566184502574250481
776148943109584010
14842122352879858434
13696239884998438015
9426331577034444566
5544959260561846006
2371052507722809612
10759390922652207850
5979569425585183655
515711575913810574
15730097408823056698
8666102117981234006
3159193151694595241
14708855263431448485
5595816604658392899
8717105401523064493
5996148526731376672
14682704859087674048
14136415959842268574
7336859256916001325
11696448138831040782
1311723932330625691
2830019171122726357
15158173592230236088
15945669688234191891
7655962096052717564
3076756520445005955
14362594868131607090
9231402497408407724
4500970190729065054
11356610763244053237
7601797491626158185
15915907112201827122
3989615533132953218
5384153195140866847
11456268564848120115
14522192959233041830
2760444185116923411
122490685391507313
4679267553789110880
766233846192929612
8023661858008481457
8919983995507371265
8122540093315575920
3800083682111857570
2327064132547871021
13716361709534002120
448532850889594017
10733232654037305650
13398854343381677348
335284209056282396
10866148799213747159
11099064832493055263
7031393341409657091
14842829025313408051
9092809363435828476
5249424399313883396
2802940634599478511
13375070377088366802
774679874177142590
11754920772394513532
3314484128925327054
2368197519207680086
9863172735200297646
2418156852403614085
12738270440915686150
12691980945926572128
3280685323320390003
3241281970380036141
12495153487007610125
8183849924731228419
12857729440269486080
9092410981277962841
12694634218934166443
8815470335558386663
9744570061300111789
630217349779077822
10648906480458391857
12176093815521746720
3903082834976730982
3505077178948796067
5995372201280797626
7880753346908321160
8069726082383207141
10713944045173641442
9928082081962571208
8791870004026859784
8358439277684247735
4063264086053268084
1822641296568273843
5252084843465565778
4305757270525024692
8737666722021921800
5677232237463970833
9889081592980473512
6111759648531516366
12367296102052294511
6817685012621392798
4624728160464079808
2389921339888779096
10171218518062893032
6698397061263187484
1256820760617234798
11226399760888850924
11705432708193639871
8564721874775330254
6270428925042373085
6130150852478384946
10151504437817641422
3807774720562405496
5360031991218474712
9402237523748157952
3707091542856302667
9288651957327518334
14629993978697458356
12962021923884128106
7812861618606292383
7903197177053699581
4241908787344596371
15771973226370121034
8493554613381048068
13862223655669761638
9973751625008788812
12118867644362950081
631469755114047428
4244215934861957237
4375842715049211844
5278627798731770293
12401583028605054126
8620696440410658470
3423588951324553445
12920653125751223931
6069775265200333553
1824821458487274764
14597249003560684252
14435338362410053094
15318177020534712191
13862732259919799335
6495190962453934173
11254843256367701377
11844638380332534258
14288324830063485328
14413798661307351933
8739743253057717740
10400296515959903115
8354573176443688258
3902319720525725834
15865166513102258139
13477475993407170604
8932483749738589808
10552385447493236841
4011937948748341254
4951116660746084298
11380550496872039121
4120732463304346126
